la_name	total_planning_apps_2015_to_2025	total_mcs_installs_2015_to_2025	pct_of_mcs_installs_with_planning_app	source	planit_authorities	n_planit_authorities	has_joint_planit_authority	planning_apps_2009	planning_apps_2010	planning_apps_2011	planning_apps_2012	planning_apps_2013	planning_apps_2014	planning_apps_2015	planning_apps_2016	planning_apps_2017	planning_apps_2018	planning_apps_2019	planning_apps_2020	planning_apps_2021	planning_apps_2022	planning_apps_2023	planning_apps_2024	planning_apps_2025	mcs_installs_2009	mcs_installs_2010	mcs_installs_2011	mcs_installs_2012	mcs_installs_2013	mcs_installs_2014	mcs_installs_2015	mcs_installs_2016	mcs_installs_2017	mcs_installs_2018	mcs_installs_2019	mcs_installs_2020	mcs_installs_2021	mcs_installs_2022	mcs_installs_2023	mcs_installs_2024	mcs_installs_2025	total_mcs_installs	total_bus_heatpump_redemptions	bus_heatpump_2022_23	bus_heatpump_2023_24	bus_heatpump_2024_25	bus_heatpump_2025_26
Cornwall	263	10468	2.5	matched	cornwall	1	False	0	0	0	0	0	0	12	6	7	6	15	22	31	26	33	60	45	37	160	196	370	252	355	364	406	427	585	728	536	1129	1127	1600	1802	1764	11838	2934	393	536	916	1089
North Yorkshire	432	7228	6.0	matched	craven; hambleton; harrogate; north yorkshire; richmondshire; ryedale; scarborough; selby	8	False	0	0	0	0	0	0	13	5	12	7	21	32	67	57	48	104	66	37	107	187	299	319	277	402	248	262	290	498	509	1101	911	818	1130	1059	8454	1928	296	381	590	661
Highland	303	7280	4.2	matched	highland	1	False	0	0	0	0	0	0	36	30	19	23	24	22	45	28	22	27	27	17	149	227	281	282	190	484	432	217	411	441	442	744	856	879	1046	1328	8426
Somerset	203	5050	4.0	matched	mendip; sedgemoor; somerset; south somerset; taunton deane; west somerset	6	False	0	0	0	0	0	0	7	3	5	11	10	18	25	23	20	39	42	12	56	106	654	391	299	336	331	272	241	241	357	494	538	504	786	950	6568	1431	199	233	404	595
Wiltshire	334	4464	7.5	matched	wiltshire	1	False	0	0	0	0	0	0	4	2	9	7	3	20	44	38	57	74	76	15	80	106	208	199	262	176	114	101	136	196	255	479	496	543	817	1151	5334	1511	216	280	425	590
Dumfries and Galloway	492	3394	14.5	matched	dumfries	1	False	0	0	0	0	0	0	66	26	15	17	31	27	29	39	61	90	91	12	33	40	44	1164	101	153	48	69	76	108	99	158	290	864	890	639	4788
Shropshire	188	4021	4.7	matched	shropshire	1	False	0	0	0	0	0	0	5	6	2	8	25	31	36	29	31	6	9	10	44	73	103	90	218	188	123	191	272	248	238	382	433	464	776	706	4559	910	135	189	283	303
Powys	112	4091	2.7	matched	powys	1	False	0	0	0	0	0	0	0	0	1	5	8	5	10	8	17	35	23	5	28	41	111	83	122	163	97	121	101	155	142	184	342	999	967	820	4481	373	93	76	101	103
Argyll and Bute	317	3886	8.2	matched	argyll	1	False	0	0	0	0	0	0	33	35	25	25	38	28	37	26	21	29	20	13	23	46	93	90	64	105	74	112	121	169	530	646	754	475	459	441	4215
South Lanarkshire	64	3470	1.8	matched	south lanarkshire	1	False	0	0	0	0	0	0	12	6	5	2	2	2	8	1	9	8	9	6	16	30	28	134	279	868	281	200	199	163	104	203	260	376	492	324	3963
Dorset	337	3047	11.1	matched	dorset	1	False	0	0	0	0	0	0	10	8	5	2	9	20	34	44	44	94	67	9	90	124	150	163	147	116	98	128	114	145	190	300	402	347	512	695	3730	1170	167	239	333	431
Aberdeenshire	299	3048	9.8	matched	aberdeenshire	1	False	0	0	0	0	0	0	25	9	23	12	28	23	26	28	37	46	42	20	87	86	153	89	109	150	121	101	107	155	159	255	273	400	761	566	3592
Buckinghamshire	377	2712	13.9	matched	aylesbury vale; buckinghamshire; chiltern south bucks; wycombe	4	False	0	0	0	0	0	0	10	9	2	11	17	23	36	40	70	90	69	12	65	85	143	158	122	111	92	95	111	121	147	263	258	297	497	720	3297	1196	132	241	380	443
Ceredigion	53	3026	1.8	matched	ceredigion	1	False	0	0	0	0	0	0	3	4	1	0	0	4	12	8	3	9	9	9	12	28	70	39	77	63	107	86	137	84	155	163	326	666	656	583	3261	213	36	45	52	80
Northumberland	157	2823	5.6	matched	northumberland (county)	1	False	0	0	0	0	0	0	3	2	4	0	11	23	21	17	32	31	13	11	23	46	134	76	146	115	89	147	154	226	127	319	261	321	625	439	3259	666	100	125	196	245
Carmarthenshire	97	2991	3.2	matched	carmarthenshire	1	False	0	0	0	0	0	0	1	0	1	0	3	4	6	16	16	25	25	4	26	48	66	57	48	59	40	62	56	94	64	90	298	567	946	715	3240	320	53	64	88	115
East Riding of Yorkshire	113	2772	4.1	matched	east riding	1	False	0	0	0	0	0	0	2	0	3	2	7	10	16	11	21	27	14	5	27	40	97	153	114	137	130	124	135	195	252	354	377	325	363	380	3208	713	107	127	242	237
Gwynedd	131	2890	4.5	matched	gwynedd	1	False	0	0	0	0	0	0	2	1	0	1	3	4	4	7	12	52	45	3	16	34	82	39	39	52	24	31	28	58	71	132	305	680	761	748	3103	269	39	46	83	101
Na h-Eileanan Siar	432	2514	17.2	matched	western isles	1	False	0	0	0	0	0	0	48	36	46	46	54	40	39	36	39	24	24	11	66	61	179	141	94	160	122	97	154	217	226	315	323	271	337	292	3066
Pembrokeshire	46	2775	1.7	matched	pembrokeshire	1	False	0	0	0	0	0	0	1	3	0	1	3	3	5	5	2	13	10	5	19	29	59	39	30	61	45	57	60	60	74	96	238	606	794	684	2956	342	58	65	91	128
East Lindsey	56	2400	2.3	matched	east lindsey	1	False	0	0	0	0	0	0	3	1	2	3	9	3	0	8	14	10	3	57	115	82	103	64	45	32	34	54	73	166	151	209	214	274	648	545	2866	436	68	64	153	151
County Durham	117	2425	4.8	matched	durham	1	False	0	0	0	0	0	0	0	0	2	2	3	9	9	8	26	32	26	12	43	51	120	23	130	65	27	32	36	44	103	494	560	232	382	450	2804	556	58	86	178	234
West Northamptonshire	195	2328	8.4	matched	west northamptonshire	1	False	0	0	0	0	0	0	6	6	7	21	18	23	19	22	24	27	22	13	31	69	104	96	128	138	95	107	150	249	127	276	228	222	373	363	2769	691	102	116	219	254
Herefordshire, County of	130	2218	5.9	matched	herefordshire	1	False	0	0	0	0	0	0	0	3	1	3	12	26	26	15	13	18	13	5	50	162	113	108	82	66	41	113	74	134	140	278	291	294	382	405	2738	637	102	145	169	221
Westmorland and Furness	87	2342	3.7	matched	barrow; westmorland and furness	2	False	0	0	0	0	0	0	1	2	0	3	2	8	9	7	7	25	23	13	23	63	108	83	87	58	71	76	131	117	130	268	309	291	453	438	2719	741	84	126	268	263
East Suffolk	142	2212	6.4	matched	east suffolk	1	False	0	0	0	0	0	0	5	3	4	9	11	4	8	14	25	37	22	25	52	105	97	79	113	66	87	94	103	151	205	335	299	224	281	367	2683	639	80	113	177	269
Perth and Kinross	187	2340	8.0	matched	perth	1	False	0	0	0	0	0	0	12	7	2	4	12	17	22	24	24	25	38	11	73	44	36	63	76	87	55	72	82	159	126	253	223	444	446	393	2643
South Cambridgeshire	295	2169	13.6	matched	south cambridgeshire	1	False	0	0	0	0	0	0	3	6	3	12	8	9	26	38	47	69	74	8	33	78	95	142	113	56	81	96	96	124	133	252	288	241	369	433	2638	970	159	180	295	336
King's Lynn and West Norfolk	86	2029	4.2	matched	kings lynn	1	False	0	0	0	0	0	0	2	19	4	7	6	8	5	8	8	14	5	4	50	56	206	151	131	118	97	118	120	142	97	162	129	228	389	429	2627	381	43	50	122	166
South Norfolk	140	2251	6.2	matched	south norfolk broadland	1	True	0	0	0	0	0	0	8	9	4	11	11	11	12	13	13	22	26	5	27	52	83	67	88	43	50	95	62	130	146	291	272	272	456	434	2573	512	58	77	179	198
Leeds	246	2362	10.4	matched	leeds	1	False	0	0	0	0	0	0	2	1	0	1	3	4	43	33	50	61	48	2	29	37	44	34	14	26	25	39	32	38	58	229	338	590	564	423	2522	727	103	114	241	269
Breckland	56	2175	2.6	matched	breckland	1	False	0	0	0	0	0	0	3	2	2	3	5	4	6	5	3	19	4	6	15	37	71	85	67	149	70	117	93	166	155	237	228	261	333	366	2456	323	42	56	96	129
Manchester	136	2378	5.7	matched	manchester	1	False	0	0	0	0	0	0	4	0	1	0	2	16	20	10	26	30	27	0	4	3	3	8	6	81	89	22	9	10	80	442	177	517	425	526	2402	276	24	37	103	112
Isle of Anglesey	146	2259	6.5	matched	anglesey	1	False	0	0	0	0	0	0	0	0	2	1	1	3	3	3	48	54	31	5	11	28	47	22	23	29	25	26	32	26	49	109	216	660	618	469	2395	188	31	39	44	74
Scottish Borders	115	2227	5.2	matched	scottish borders	1	False	0	0	0	0	0	0	7	4	1	4	12	16	8	11	19	12	21	12	23	16	37	37	15	45	37	75	91	144	208	296	241	326	358	406	2367
Cheshire East	133	1936	6.9	matched	cheshire east	1	False	0	0	0	0	0	0	5	0	0	1	1	9	23	8	20	42	24	5	29	58	143	63	43	68	59	73	66	79	93	189	308	217	353	431	2277	750	109	114	245	282
North Norfolk	156	1892	8.2	matched	north norfolk	1	False	0	0	0	0	0	0	6	6	9	6	14	20	17	7	22	25	24	6	31	37	66	56	52	56	96	137	106	167	130	253	166	201	297	283	2140	385	53	72	103	157
Denbighshire	41	1942	2.1	matched	denbighshire	1	False	0	0	0	0	0	0	1	0	0	0	0	1	6	6	6	14	7	0	5	19	20	30	27	22	30	35	30	46	109	173	162	400	515	420	2043	289	37	30	60	162
West Berkshire	162	1724	9.4	matched	west berkshire	1	False	0	0	0	0	0	0	1	3	6	5	7	11	15	16	22	33	43	6	69	76	38	52	61	126	77	25	89	146	74	187	225	215	213	347	2026	446	65	70	135	176
Flintshire	41	1803	2.3	matched	flintshire	1	False	0	0	0	0	0	0	1	0	0	0	2	1	4	1	7	15	10	2	8	3	30	47	36	38	37	28	51	57	122	200	165	344	413	348	1929	194	34	22	48	90
Mid Suffolk	129	1553	8.3	matched	babergh mid suffolk	1	True	0	0	0	0	0	0	3	3	4	7	4	7	14	16	21	21	29	6	33	64	84	74	64	64	46	73	102	115	139	214	192	139	204	265	1878	387	47	67	125	148
West Suffolk	111	1616	6.9	matched	west suffolk	1	False	0	0	0	0	0	0	4	3	2	12	5	5	8	16	9	21	26	4	21	24	34	38	78	67	85	184	188	82	115	203	135	131	184	242	1815	356	42	55	114	145
Stratford-on-Avon	152	1493	10.2	matched	stratford on avon	1	False	0	0	0	0	0	0	1	3	6	2	6	18	34	20	12	21	29	4	63	69	78	45	39	56	52	60	74	92	105	199	158	114	285	298	1791	439	67	80	129	163
Forest of Dean	47	1602	2.9	matched	forest of dean	1	False	0	0	0	0	0	0	0	0	0	0	12	4	5	10	2	8	6	16	19	40	30	23	47	94	52	35	30	65	76	132	168	123	398	429	1777	332	49	48	100	135
Cumberland	46	1472	3.1	matched	allerdale; carlisle; copeland	3	False	0	0	0	0	0	0	0	1	0	1	1	6	0	6	12	9	10	9	24	37	166	21	32	24	64	29	60	40	130	108	142	226	293	356	1761	389	43	80	131	135
North Kesteven	65	1646	3.9	matched	north kesteven	1	False	0	0	0	0	0	0	1	1	3	6	4	4	2	11	7	12	14	3	8	10	23	34	30	30	41	48	75	83	97	181	121	171	398	401	1754	355	34	66	103	152
Bristol, City of	258	1710	15.1	matched	bristol	1	False	0	0	0	0	0	0	8	5	4	8	2	15	35	22	35	69	55	0	5	6	6	4	1	18	37	6	9	16	31	282	283	332	377	319	1732	592	80	87	180	245
South Hams	87	1480	5.9	matched	south west devon	1	True	0	0	0	0	0	0	1	6	1	5	5	3	14	11	11	20	10	2	21	53	62	57	49	105	81	114	70	76	77	158	169	166	208	256	1724	500	57	114	131	198
Wealden	134	1328	10.1	matched	wealden	1	False	0	0	0	0	0	0	4	2	1	1	6	11	13	15	24	36	21	15	26	56	55	147	84	48	37	50	61	46	90	128	144	144	304	276	1711	499	60	92	151	196
Calderdale	47	1638	2.9	matched	calderdale	1	False	0	0	0	0	0	0	0	1	0	2	3	0	14	2	8	9	8	1	11	14	20	16	9	10	15	35	131	142	29	84	177	489	290	236	1709	254	37	44	76	97
Sheffield	73	1634	4.5	matched	sheffield	1	False	0	0	0	0	0	0	0	0	0	3	0	3	4	6	12	26	19	1	3	13	18	19	14	20	31	45	42	57	112	170	206	152	390	409	1702
South Oxfordshire	218	1441	15.1	matched	south oxfordshire	1	False	0	0	0	0	0	0	4	2	6	5	10	18	27	33	37	46	30	2	30	44	42	32	39	44	40	42	36	45	67	190	220	169	258	330	1630	614	60	112	188	254
West Oxfordshire	134	1110	12.1	matched	west oxfordshire	1	False	0	0	0	0	0	0	8	3	5	1	3	9	14	8	16	34	33	8	72	100	120	47	163	51	25	23	32	61	51	117	157	133	240	220	1620	328	38	59	108	123
Stroud	78	974	8.0	matched	stroud	1	False	0	0	0	0	0	0	0	0	0	0	1	5	2	14	18	21	17	8	30	33	36	211	319	64	26	16	19	48	41	83	168	116	184	209	1611	428	82	77	121	148
East Devon	101	1419	7.1	matched	east devon	1	False	0	0	0	0	0	0	0	5	0	3	7	8	13	19	13	17	16	6	28	23	28	37	56	52	65	43	78	81	79	236	157	147	222	259	1597	509	69	96	148	196
Moray	40	1462	2.7	matched	moray	1	False	0	0	0	0	0	0	0	2	3	1	1	1	4	2	5	9	12	3	13	31	14	43	29	34	38	74	52	69	66	144	184	278	277	246	1595
Bassetlaw	29	1049	2.8	matched	bassetlaw	1	False	0	0	0	0	0	0	0	0	0	0	2	3	7	1	7	7	2	3	122	84	171	101	45	37	42	63	50	47	58	86	83	137	231	215	1575	314	40	48	102	124
Fenland	22	1306	1.7	matched	fenland	1	False	0	0	0	0	0	0	0	0	2	1	3	3	2	0	1	7	3	9	17	36	71	32	61	68	40	44	77	91	61	138	113	139	260	275	1532	167	19	33	49	66
Glasgow City	59	1404	4.2	matched	glasgow	1	False	0	0	0	0	0	0	4	0	0	1	7	4	5	8	4	11	15	0	1	116	1	2	2	8	14	5	6	48	377	383	201	129	112	121	1526
Tendring	28	779	3.6	matched	tendring	1	False	0	0	0	0	0	0	1	0	1	1	1	2	3	1	6	8	4	0	8	8	53	597	81	24	10	17	21	16	44	210	59	94	148	136	1526	185	26	20	72	67
Babergh	103	1276	8.1	matched	babergh mid suffolk	1	True	0	0	0	0	0	0	3	3	3	5	3	6	11	13	16	17	23	4	43	44	43	43	56	44	46	44	95	111	107	194	210	113	117	195	1509	274	43	49	80	102
North Northamptonshire	116	1307	8.9	matched	corby; east northamptonshire; kettering; north northamptonshire; wellingborough	5	False	0	0	0	0	0	0	3	3	4	4	3	5	10	15	8	33	28	8	21	36	51	39	46	57	46	55	63	45	70	173	158	123	250	267	1508	504	80	84	159	181
Conwy	49	1443	3.4	matched	conwy	1	False	0	0	0	0	0	0	2	2	3	0	3	2	1	6	5	11	14	1	6	12	16	14	15	28	12	40	23	24	47	41	148	326	359	395	1507	180	24	36	33	87
Fife	219	1320	16.6	matched	fife	1	False	0	0	0	0	0	0	4	6	2	4	8	9	22	27	52	48	37	11	31	27	18	37	47	66	23	39	38	68	66	139	135	198	295	253	1491
Cheshire West and Chester	95	1353	7.0	matched	chester	1	False	0	0	0	0	0	0	3	2	0	0	2	7	10	10	15	30	16	3	15	23	34	32	22	32	27	29	27	52	37	165	188	161	289	346	1482	633	103	107	196	227
Orkney Islands	1213	1013	119.7	matched	orkney	1	False	0	0	0	0	0	0	156	148	132	115	109	107	116	116	92	69	53	9	40	200	103	52	51	63	53	116	83	143	96	133	112	75	69	70	1468
Central Bedfordshire	111	1198	9.3	matched	central bedfordshire	1	False	0	0	0	0	0	0	0	4	13	3	6	3	6	10	15	30	21	3	27	17	44	68	102	40	44	76	163	82	60	110	104	116	162	241	1459	458	55	70	159	174
Kirklees	70	1169	6.0	matched	kirklees	1	False	0	0	0	0	0	0	0	1	0	0	6	2	6	11	5	27	12	1	174	24	48	15	25	21	32	50	18	46	79	88	150	134	289	262	1456	472	70	75	155	172
South Holland	14	1252	1.1	matched	south holland	1	False	0	0	0	0	0	0	2	0	0	0	0	1	0	3	2	5	1	0	6	27	25	37	72	34	14	36	82	130	83	124	151	152	207	239	1419	174	26	35	51	62
South Gloucestershire	131	1269	10.3	matched	south gloucestershire	1	False	0	0	0	0	0	0	0	1	0	1	3	4	17	10	32	31	32	7	10	30	29	28	25	62	78	32	30	45	65	144	155	129	229	300	1398	579	85	93	162	239
Winchester	78	1157	6.7	matched	winchester	1	False	0	0	0	0	0	0	1	2	0	0	2	6	6	7	14	27	13	10	14	31	71	66	40	37	32	40	43	42	71	142	151	129	223	247	1389	480	70	100	144	166
South Kesteven	91	1230	7.4	matched	south kesteven	1	False	0	0	0	0	0	0	4	0	4	2	4	4	12	32	13	10	6	3	13	29	23	42	41	33	21	20	67	55	60	116	170	149	255	284	1381	321	49	53	108	111
West Lindsey	48	1214	4.0	matched	west lindsey	1	False	0	0	0	0	0	0	0	0	1	1	4	6	1	3	6	11	15	1	13	13	19	27	91	62	32	45	74	72	82	135	161	122	217	212	1378	332	62	49	104	117
Cotswold	135	1131	11.9	matched	cotswold	1	False	0	0	0	0	0	0	4	2	6	3	7	10	18	13	15	23	34	10	36	55	44	39	36	53	80	109	55	61	70	117	173	103	146	164	1351	301	53	53	85	110
Broadland	75	1092	6.9	matched	south norfolk broadland	1	True	0	0	0	0	0	0	4	5	2	6	6	6	7	7	7	11	14	4	36	41	63	69	40	31	27	65	50	82	73	147	145	107	140	225	1345	309	29	50	89	141
Vale of White Horse	141	1193	11.8	matched	vale of white horse	1	False	0	0	0	0	0	0	0	1	4	2	6	8	14	17	12	37	40	7	20	26	23	30	36	40	29	26	32	37	40	108	160	133	235	353	1335	443	51	98	136	158
Mid Devon	68	1115	6.1	matched	mid devon	1	False	0	0	0	0	0	0	0	2	3	5	1	7	13	9	11	8	9	3	13	69	51	24	59	106	38	42	38	37	46	88	122	179	210	209	1334	317	54	58	89	116
Chichester	66	1123	5.9	matched	chichester	1	False	0	0	0	0	0	0	4	0	1	2	1	2	7	6	14	17	12	9	26	47	52	44	30	33	26	40	22	106	65	110	136	112	233	240	1331	401	65	78	122	136
Basingstoke and Deane	91	1136	8.0	matched	basingstoke	1	False	0	0	0	0	0	0	0	17	2	2	3	4	11	9	15	18	10	6	28	13	19	34	49	124	108	14	29	47	44	84	114	101	172	299	1285	409	42	68	139	160
Test Valley	133	1079	12.3	matched	test valley	1	False	0	0	0	0	0	0	1	4	1	4	6	5	19	13	22	27	31	5	12	36	35	48	52	23	20	27	45	64	52	108	130	106	226	278	1267	385	44	53	140	148
Huntingdonshire	88	1083	8.1	matched	huntingdonshire	1	False	0	0	0	0	0	0	2	0	2	0	3	8	9	9	8	22	25	4	6	35	55	38	45	24	34	34	54	49	70	110	109	138	218	243	1266	466	59	82	143	182
Barnsley	41	889	4.6	matched	barnsley	1	False	0	0	0	0	0	0	1	0	1	0	0	3	10	3	9	8	6	2	3	7	36	111	218	126	108	83	39	40	43	69	43	68	106	164	1266
North Devon	52	1125	4.6	matched	north devon	1	False	0	0	0	0	0	0	1	2	0	3	0	4	3	7	11	9	12	1	12	19	22	58	12	37	42	45	40	66	54	97	142	147	239	216	1249	483	65	101	150	167
North Lincolnshire	19	1018	1.9	matched	north lincs	1	False	0	0	0	0	0	0	0	0	0	0	0	1	1	2	3	5	7	2	8	28	75	46	25	26	44	55	44	59	56	90	83	120	191	250	1202	275	40	53	89	93
North West Leicestershire	29	1166	2.5	matched	north west leicestershire	1	False	0	0	0	0	0	0	0	0	0	0	0	1	2	3	9	9	5	0	3	7	4	10	9	40	61	26	214	202	48	141	86	62	106	180	1199	207	14	31	73	89
Torridge	31	896	3.5	matched	torridge	1	False	0	0	0	0	0	0	2	0	1	2	0	3	5	3	4	5	6	2	67	61	56	43	72	30	27	25	15	41	46	99	103	116	198	196	1197	278	30	47	98	103
Newark and Sherwood	57	1068	5.3	matched	newark and sherwood	1	False	0	0	0	0	0	0	0	2	0	1	7	8	8	10	7	13	1	1	6	20	42	24	15	41	25	35	59	46	61	155	111	130	241	164	1176	324	37	64	124	99
East Cambridgeshire	68	1038	6.6	matched	east cambridgeshire	1	False	0	0	0	0	0	0	1	4	3	3	2	5	9	2	10	15	14	2	12	22	21	26	31	21	21	35	51	44	58	152	202	100	162	192	1152	343	51	66	100	126
Cherwell	111	818	13.6	matched	cherwell	1	False	0	0	0	0	0	0	4	0	5	1	3	11	7	5	16	39	20	2	47	107	63	75	31	26	27	28	22	54	47	75	100	119	136	184	1143	371	52	77	109	133
Shetland Islands	346	876	39.5	matched	shetlands	1	False	0	0	0	0	0	0	21	25	30	35	31	23	41	41	20	42	37	11	31	38	44	33	74	46	27	61	68	77	43	106	96	71	127	154	1107
Teignbridge	41	948	4.3	matched	teignbridge	1	False	0	0	0	0	0	0	1	2	3	3	2	2	5	0	10	9	4	1	10	35	35	30	43	74	81	43	31	55	46	145	118	78	111	166	1102	326	45	53	90	138
North Somerset	60	974	6.2	matched	north somerset	1	False	0	0	0	0	0	0	2	0	0	3	2	6	2	4	10	18	13	4	6	13	40	36	18	24	20	23	25	38	54	94	106	135	221	234	1091	486	62	88	150	186
Monmouthshire	70	916	7.6	matched	monmouthshire	1	False	0	0	0	0	0	0	0	0	0	1	6	2	7	10	11	22	11	9	15	28	47	39	31	28	25	26	22	26	49	75	115	111	160	279	1085	311	43	71	93	104
New Forest	41	925	4.4	matched	new forest (district)	1	False	0	0	0	0	0	0	0	3	0	1	1	3	3	3	14	7	6	4	21	28	28	30	30	25	13	23	26	26	37	88	168	114	172	233	1066	454	61	74	129	190
Guildford	145	909	16.0	matched	guildford	1	False	0	0	0	0	0	0	0	2	1	6	5	29	12	13	26	26	25	1	39	34	28	31	19	10	13	40	77	79	55	98	98	101	155	183	1061	344	34	57	114	139
Angus	51	952	5.4	matched	angus	1	False	0	0	0	0	0	0	5	2	0	3	1	3	8	7	4	10	8	3	20	13	14	26	31	37	17	21	26	31	41	74	122	192	253	138	1059
Wychavon	67	925	7.2	matched	wychavon	1	False	0	0	0	0	0	0	0	5	2	2	4	9	11	7	4	14	9	3	18	21	29	36	26	24	25	33	56	42	59	67	113	78	196	232	1058	326	30	69	111	116
Doncaster	37	997	3.7	matched	doncaster	1	False	0	0	0	0	0	0	0	0	1	0	4	3	1	3	7	13	5	4	3	7	11	16	10	11	25	68	48	54	47	106	81	131	230	196	1048	353	53	54	118	128
Bradford	76	937	8.1	matched	bradford	1	False	0	0	0	0	0	0	1	0	1	0	0	5	2	9	15	21	22	4	8	59	19	12	8	10	11	32	12	24	32	98	123	147	234	214	1047	418	64	81	113	160
Stirling	62	876	7.1	matched	stirling	1	False	0	0	0	0	0	0	2	3	1	1	2	6	0	14	18	6	9	12	26	41	28	29	22	28	36	38	30	50	60	96	169	106	132	131	1034
North Lanarkshire	20	994	2.0	matched	north lanarkshire	1	False	0	0	0	0	0	0	2	0	0	0	0	1	2	5	2	4	4	2	6	6	10	4	8	7	15	23	81	93	64	81	62	205	247	116	1030
East Hampshire	32	863	3.7	matched	east hampshire	1	False	0	0	0	0	0	0	0	0	0	0	1	5	2	3	7	10	4	7	15	26	44	34	38	24	21	25	29	42	45	94	112	99	159	213	1027	422	63	70	112	177
Blackburn with Darwen	23	997	2.3	matched	blackburn	1	False	0	0	0	0	0	0	0	0	0	0	2	1	5	0	0	9	6	1	1	2	17	5	1	2	3	3	0	0	11	43	213	157	268	297	1024	73		8		31
Maldon	41	800	5.1	matched	maldon	1	False	0	0	0	0	0	0	0	2	0	0	0	3	3	6	11	8	8	1	3	5	32	93	85	35	14	51	32	37	44	88	69	49	245	136	1019	175	22	26	52	75
City of Edinburgh	209	992	21.1	matched	edinburgh	1	False	0	0	0	0	0	0	1	0	5	7	5	8	26	28	40	47	42	0	3	8	9	1	5	8	10	13	27	13	42	138	150	173	211	207	1018
Horsham	93	838	11.1	matched	horsham	1	False	0	0	0	0	0	0	4	0	3	1	5	7	8	9	17	24	15	6	13	23	45	36	29	28	29	34	32	41	45	80	121	84	138	206	990	389	55	60	116	158
Uttlesford	104	783	13.3	matched	uttlesford	1	False	0	0	0	0	0	0	2	2	3	3	7	5	19	21	12	16	14	4	14	11	35	104	31	25	19	50	27	42	60	91	119	75	121	154	982	297	34	47	100	116
Bournemouth, Christchurch and Poole	74	865	8.6	matched	bcp	1	False	0	0	0	0	0	0	3	1	1	1	4	2	10	7	21	16	8	0	13	28	22	24	24	21	7	19	11	26	27	74	104	90	195	291	976	381	38	66	123	154
Derbyshire Dales	54	852	6.3	matched	derbyshire dales	1	False	0	0	0	0	0	0	2	0	0	1	2	0	6	7	14	12	10	4	14	28	32	23	22	30	14	29	29	33	59	94	150	93	145	176	975	307	42	52	99	114
Lewes	21	778	2.7	matched	lewes	1	False	0	0	0	0	0	0	0	0	0	0	0	0	1	9	3	4	4	3	8	10	16	88	68	148	30	20	22	27	36	87	77	86	99	146	971	311	45	61	81	124
Malvern Hills	36	789	4.6	matched	malvern hills	1	False	0	0	0	0	0	0	0	4	2	0	0	1	12	3	3	5	6	7	13	34	54	26	42	53	26	43	18	40	56	66	121	60	148	158	965	261	21	42	85	113
Isle of Wight	36	605	6.0	matched	isle of wight	1	False	0	0	0	0	0	0	3	2	2	2	2	3	4	3	3	7	5	5	23	30	160	92	25	9	9	8	12	30	23	30	63	53	193	175	940	171	11	27	58	75
Stafford	28	745	3.8	matched	stafford	1	False	0	0	0	0	0	0	5	0	0	1	2	0	1	2	8	6	3	3	13	31	51	25	64	18	23	18	15	33	29	43	77	98	179	212	932	236	23	42	74	97
Bath and North East Somerset	146	819	17.8	matched	bath	1	False	0	0	0	0	0	0	3	0	0	1	5	8	13	27	28	28	33	1	10	17	26	16	27	28	11	10	16	31	41	92	99	115	152	224	916	440	52	83	115	190
Wakefield	52	770	6.8	matched	wakefield	1	False	0	0	0	0	0	0	0	0	0	0	6	4	6	9	5	14	8	3	5	28	83	19	7	7	31	34	33	26	45	118	76	73	153	174	915	329	43	44	105	137
Waverley	126	780	16.2	matched	waverley	1	False	0	0	0	0	0	0	0	0	2	0	2	11	6	19	18	33	35	4	25	30	26	29	18	20	21	15	11	24	31	84	83	65	175	251	912	360	37	55	119	149
York	83	832	10.0	matched	york	1	False	0	0	0	0	0	0	2	1	0	1	3	4	2	13	13	29	15	1	5	11	20	26	13	6	12	52	13	37	34	62	87	100	163	266	908	375	50	77	116	132
Colchester	39	706	5.5	matched	colchester	1	False	0	0	0	0	0	0	3	3	0	0	1	1	4	5	8	8	6	1	5	21	55	26	70	55	21	33	22	38	23	98	74	51	119	172	884	296	33	36	103	124
West Devon	46	764	6.0	matched	south west devon	1	True	0	0	0	0	0	0	1	3	1	3	2	2	7	6	6	10	5	3	7	22	33	26	28	22	33	45	45	36	59	78	80	80	126	160	883	252	34	38	88	92
Harborough	39	792	4.9	matched	harborough	1	False	0	0	0	0	0	0	0	1	0	1	9	1	8	1	4	11	3	1	11	14	25	12	24	27	48	48	80	29	33	65	125	84	113	140	879	256	26	51	78	101
Sunderland	28	866	3.2	matched	sunderland	1	False	0	0	0	0	0	0	0	0	0	0	1	3	8	2	3	6	5	1	1	3	2	0	1	1	0	2	0	4	273	169	133	30	136	118	874	126	6	22	36	62
Ashford	67	745	9.0	matched	ashford	1	False	0	0	0	0	0	0	0	0	2	2	4	6	11	6	8	16	12	2	15	11	28	42	24	25	22	19	35	40	30	64	91	81	170	168	867	310	26	56	116	112
Bedford	65	694	9.4	matched	bedford	1	False	0	0	0	0	0	0	0	0	1	5	1	1	8	7	15	16	11	2	7	16	45	29	74	68	68	29	22	45	25	67	41	66	122	141	867	257	24	42	89	102
North Hertfordshire	94	534	17.6	matched	north hertfordshire	1	False	0	0	0	0	0	0	1	0	0	0	6	5	9	7	12	27	27	3	4	24	162	107	27	14	16	16	12	24	22	53	64	49	130	134	861	272	41	50	98	83
Boston	7	763	0.9	matched	boston	1	False	0	0	0	0	0	0	0	0	0	0	0	0	0	4	1	0	2	0	3	6	28	32	27	18	40	55	80	25	14	42	101	73	175	140	859	79	11	16	23	29
Enfield	52	844	6.2	matched	enfield	1	False	0	0	0	0	0	0	0	2	0	0	3	4	14	4	10	9	6	0	0	6	1	2	5	1	189	2	364	21	5	26	69	62	51	54	858	130	14	25	44	47
East Hertfordshire	276	726	38.0	matched	east hertfordshire	1	False	0	0	0	0	0	0	1	1	2	2	9	5	24	18	65	79	70	3	13	25	20	25	42	73	20	23	21	36	49	76	80	87	102	159	854	306	40	46	90	130
Sevenoaks	117	709	16.5	matched	sevenoaks	1	False	0	0	0	0	0	0	4	5	1	4	3	4	11	10	21	31	23	2	7	17	24	55	39	19	18	16	40	69	38	55	89	78	135	152	853	307	40	71	94	102
Chelmsford	67	714	9.4	matched	chelmsford	1	False	0	0	0	0	0	0	3	1	3	0	1	2	9	3	14	18	13	3	7	31	60	21	13	21	23	34	29	31	40	79	59	86	122	190	849	326	33	51	102	140
Wrexham	35	745	4.7	matched	wrexham	1	False	0	0	0	0	0	0	0	0	2	0	1	0	3	0	2	13	14	0	21	39	22	18	4	12	14	11	17	16	17	38	60	73	231	256	849	160	17	29	41	73
Pendle	17	822	2.1	matched	pendle	1	False	0	0	0	0	0	0	0	0	1	0	0	2	1	1	2	7	3	0	3	3	5	10	5	4	1	1	7	3	12	43	37	335	150	229	848	58			23	20
Rotherham	30	807	3.7	matched	rotherham	1	False	0	0	0	0	0	0	0	0	1	0	1	3	0	3	1	16	5	1	6	6	2	13	6	6	22	33	32	41	36	55	60	89	260	173	841	267	31	47	94	95
Birmingham	100	814	12.3	matched	birmingham	1	False	0	0	0	0	0	0	2	1	1	1	2	1	6	7	26	33	20	4	1	7	3	4	7	9	7	6	6	4	5	49	57	132	331	208	840	345	35	68	115	127
Swansea	125	749	16.7	matched	swansea	1	False	0	0	0	0	0	0	0	1	3	0	2	3	8	17	17	22	52	1	8	13	30	23	9	14	25	15	20	24	37	44	74	126	197	173	833	219	39	43	52	85
South Ayrshire	26	734	3.5	matched	south ayrshire	1	False	0	0	0	0	0	0	1	0	0	0	2	0	4	1	10	2	6	1	10	8	6	10	36	18	9	2	67	20	24	46	64	200	170	114	805
East Staffordshire	56	736	7.6	matched	east staffordshire	1	False	0	0	0	0	0	0	0	1	1	0	2	8	6	15	7	6	10	2	6	2	8	12	17	194	17	12	11	51	40	70	51	53	133	104	783	191	27	36	58	70
Mid Sussex	68	685	9.9	matched	mid sussex	1	False	0	0	0	0	0	0	2	3	2	0	0	2	8	10	13	15	13	4	12	19	25	14	23	21	11	27	17	32	45	77	74	85	133	163	782	341	45	50	109	137
Milton Keynes	86	666	12.9	matched	milton keynes	1	False	0	0	0	0	0	0	0	2	0	1	2	2	4	11	19	27	18	3	11	20	21	10	38	9	7	9	28	57	20	43	63	65	123	242	769	380	31	44	136	169
Newcastle upon Tyne	84	759	11.1	matched	newcastle upon tyne	1	False	0	0	0	0	0	0	0	1	0	1	1	2	15	19	15	18	12	0	4	0	2	2	1	4	14	8	2	6	25	209	220	38	105	128	768	205	18	22	65	100
East Lothian	111	653	17.0	matched	east lothian	1	False	0	0	0	0	0	0	2	4	4	4	5	4	20	19	11	21	17	2	8	9	10	44	38	13	11	28	68	22	29	82	77	74	131	118	764
Wigan	27	710	3.8	matched	wigan	1	False	0	0	0	0	0	0	0	2	0	0	1	2	5	4	1	7	5	0	6	3	11	9	15	192	162	5	9	4	4	54	29	43	100	108	754	167	11	18	67	71
Great Yarmouth	22	663	3.3	matched	great yarmouth	1	False	0	0	0	0	0	0	0	0	4	1	1	1	0	0	6	6	3	11	8	8	10	23	28	9	18	45	36	39	33	43	53	109	120	158	751	120	12	21	30	57
Maidstone	38	588	6.5	matched	mid kent	1	True	0	0	0	0	0	0	1	0	0	0	1	2	6	3	10	9	6	2	29	33	15	47	19	41	20	30	26	13	28	42	48	78	143	119	733	283	32	49	84	118
North Ayrshire	16	668	2.4	matched	north ayrshire	1	False	0	0	0	0	0	0	1	0	0	0	3	0	2	1	3	2	4	0	12	13	6	19	7	4	14	33	25	56	51	77	86	80	130	112	725
Braintree	48	616	7.8	matched	braintree	1	False	0	0	0	0	0	0	0	2	2	3	9	1	10	8	13	0	0	3	10	11	14	22	36	28	19	14	19	31	40	89	74	67	118	117	712	227	26	41	80	80
Rother	43	593	7.3	matched	rother	1	False	0	0	0	0	0	0	0	1	1	1	1	6	3	4	8	10	8	3	13	14	21	22	39	20	31	43	58	29	23	77	40	63	103	106	705	231	19	51	80	81
Brighton and Hove	80	590	13.6	matched	brighton	1	False	0	0	0	0	0	0	1	0	0	1	0	4	11	9	12	27	15	3	2	2	3	6	92	5	2	3	4	9	18	49	84	129	112	175	698	345	49	73	93	130
Tunbridge Wells	129	573	22.5	matched	mid kent; tunbridge wells	2	True	0	0	0	0	0	0	5	1	5	3	7	6	16	6	19	37	24	5	12	9	30	21	42	19	42	19	15	20	27	51	67	61	110	142	692	270	29	55	84	102
West Lothian	28	628	4.5	matched	west lothian	1	False	0	0	0	0	0	0	3	2	0	0	1	0	1	4	5	5	7	6	7	9	9	8	14	9	5	12	13	68	46	55	68	109	125	118	681
Salford	36	670	5.4	matched	salford	1	False	0	0	0	0	0	0	0	0	1	0	0	2	13	2	7	7	4	0	2	1	4	1	0	1	1	3	101	129	138	32	37	82	62	84	678	136	9	19	45	63
Wokingham	86	537	16.0	matched	wokingham	1	False	0	0	0	0	0	0	1	0	0	0	5	7	7	10	16	21	19	1	15	32	25	20	28	10	15	19	11	13	7	33	50	64	131	184	658	384	32	54	133	165
Rushcliffe	75	593	12.6	matched	rushcliffe	1	False	0	0	0	0	0	0	0	3	0	1	1	5	12	7	15	22	9	4	2	5	16	16	10	14	15	28	30	24	33	76	70	57	107	139	646	279	36	47	85	111
Staffordshire Moorlands	24	542	4.4	matched	staffordshire moorlands	1	False	0	0	0	0	0	0	1	1	0	0	1	5	2	2	3	7	2	5	9	10	11	30	35	36	15	26	18	21	36	56	69	61	97	107	642	154	26	26	52	50
South Derbyshire	52	578	9.0	matched	south derbyshire	1	False	0	0	0	0	0	0	0	0	0	3	2	7	10	6	8	14	2	0	8	5	18	13	6	27	37	55	31	28	35	45	50	56	110	104	628	212	26	32	88	66
Dacorum	98	524	18.7	matched	dacorum	1	False	0	0	0	0	0	0	1	3	2	3	2	2	10	8	17	31	19	3	11	5	7	31	32	34	15	12	19	9	14	34	72	57	95	163	613	269	32	53	76	108
Windsor and Maidenhead	130	493	26.4	matched	windsor	1	False	0	0	0	0	0	0	0	0	1	2	3	5	3	6	14	47	49	1	6	23	34	14	38	17	10	9	7	53	31	34	51	62	108	111	609	274	33	52	95	94
Wirral	40	586	6.8	matched	wirral	1	False	0	0	0	0	0	0	0	1	0	1	2	2	2	4	2	19	7	0	0	6	5	2	7	4	5	5	2	9	31	33	52	107	203	135	606	210	29	23	65	93
Amber Valley	36	555	6.5	matched	amber valley	1	False	0	0	0	0	0	0	1	0	0	1	1	0	3	1	7	12	10	0	21	7	9	8	6	10	13	15	13	46	39	50	53	72	110	134	606	247	30	44	69	104
Bolton	33	541	6.1	matched	bolton	1	False	0	0	0	0	0	0	0	0	0	0	1	4	11	1	3	7	6	2	2	45	6	6	4	41	4	3	3	72	6	48	34	94	120	116	606	131	9	32	47	43
Warwick	86	509	16.9	matched	warwick	1	False	0	0	0	0	0	0	3	1	7	4	5	2	2	6	10	27	19	2	12	9	20	24	21	18	23	24	12	26	21	60	76	41	87	121	597	257	25	27	81	124
Falkirk	22	562	3.9	matched	falkirk	1	False	0	0	0	0	0	0	0	0	1	1	2	1	2	2	0	10	3	2	3	5	4	5	3	13	10	21	40	23	22	48	76	169	67	73	584
Stockport	54	561	9.6	matched	stockport	1	False	0	0	0	0	0	0	1	0	0	1	0	1	16	6	8	10	11	0	4	2	2	7	4	7	3	9	4	13	33	112	70	74	114	122	580	252	30	51	79	92
Tonbridge and Malling	46	532	8.6	matched	tonbridge	1	False	0	0	0	0	0	0	1	0	0	0	1	0	4	4	9	20	7	1	9	5	10	10	9	19	21	15	13	17	28	56	45	55	143	120	576	198	22	40	73	63
Neath Port Talbot	30	530	5.7	matched	neath	1	False	0	0	0	0	0	0	0	0	0	0	0	0	3	2	6	7	12	0	3	2	23	14	3	10	14	11	6	2	3	14	25	134	191	120	575	56	6	12	13	25
Nottingham	52	532	9.8	matched	nottingham	1	False	0	0	0	0	0	0	1	0	2	0	3	2	0	5	8	18	13	0	0	2	16	14	4	2	5	9	13	18	26	47	58	120	125	109	568	197	40	43	40	74
West Lancashire	27	386	7.0	matched	west lancashire	1	False	0	0	0	0	0	0	0	0	0	0	2	1	2	1	2	13	6	0	4	40	110	9	15	17	4	11	4	11	6	42	36	39	95	121	564	151	15	16	41	79
Epping Forest	30	463	6.5	matched	epping forest	1	False	0	0	0	0	0	0	1	0	2	0	0	3	0	7	4	10	3	2	4	23	50	15	4	62	43	21	13	15	36	42	33	30	81	87	561	156	11	28	49	68
Cambridge	237	526	45.1	matched	cambridge	1	False	0	0	0	0	0	0	1	0	4	1	1	20	22	23	32	63	70	4	3	10	2	3	6	4	2	8	5	10	8	32	69	60	120	208	554	359	43	62	111	143
Liverpool	74	532	13.9	matched	liverpool	1	False	0	0	0	0	0	0	0	0	5	1	1	2	9	3	21	15	17	3	0	1	2	2	0	2	1	5	0	4	7	35	68	125	159	126	540	141	8	10	56	67
Derby	38	499	7.6	matched	derby	1	False	0	0	0	0	0	0	0	0	0	0	0	0	3	1	12	13	9	0	0	0	39	1	1	2	5	32	33	23	42	44	23	49	91	155	540	226	19	27	80	100
Tewkesbury	22	453	4.9	matched	tewkesbury	1	False	0	0	0	0	0	0	0	0	2	0	0	2	4	2	8	4	0	2	10	18	17	30	9	6	9	9	9	13	28	41	71	65	73	129	539	233	20	36	65	112
North East Lincolnshire	12	519	2.3	matched	north east lincs	1	False	0	0	0	0	0	0	1	0	0	0	0	1	2	1	3	1	3	0	2	2	0	9	6	9	12	15	13	12	19	45	40	112	122	120	538	199	24	38	64	73
Warrington	25	499	5.0	matched	warrington	1	False	0	0	0	0	0	0	2	0	0	0	0	3	1	1	5	9	4	0	2	8	9	6	1	4	5	14	2	4	3	29	119	124	79	116	525	192	22	32	70	68
Peterborough	57	462	12.3	matched	peterborough	1	False	0	0	0	0	0	0	0	0	3	1	6	1	1	5	7	10	23	2	1	15	11	15	17	7	7	12	16	25	17	29	42	70	131	106	523	237	30	41	68	98
Rossendale	23	501	4.6	matched	rossendale	1	False	0	0	0	0	0	0	0	0	0	0	1	0	0	2	3	11	6	1	4	4	5	3	4	3	3	1	2	5	5	19	79	134	133	117	522	69	7	18	22	22
Canterbury	52	474	11.0	matched	canterbury	1	False	0	0	0	0	0	0	0	0	0	0	0	5	6	4	8	19	10	4	10	2	7	12	11	17	5	20	11	14	13	35	53	48	114	144	520	254	27	31	93	103
Mole Valley	60	440	13.6	matched	mole valley	1	False	0	0	0	0	0	0	0	1	1	2	4	3	4	6	10	16	13	5	11	10	6	28	13	12	13	22	14	21	25	35	70	43	81	104	513	220	30	39	71	80
Gedling	19	481	4.0	matched	gedling	1	False	0	0	0	0	0	0	1	3	0	0	2	2	1	0	4	6	0	0	2	3	7	11	2	3	26	12	32	17	18	128	38	55	77	75	506	157	21	32	50	54
Telford and Wrekin	44	456	9.6	matched	telford	1	False	0	0	0	0	0	0	2	0	0	0	8	4	3	3	9	12	3	1	5	10	4	21	8	10	10	13	14	9	12	34	55	39	94	166	505	177	11	26	63	77
Hinckley and Bosworth	23	426	5.4	matched	hinckley and bosworth	1	False	0	0	0	0	0	0	0	0	0	0	7	1	2	1	4	4	4	2	9	13	28	6	9	13	7	24	39	36	23	32	40	45	72	95	493	191	18	29	63	81
Reading	78	448	17.4	matched	reading	1	False	0	0	0	0	0	0	0	0	0	0	2	0	2	14	30	20	10	0	2	3	12	5	15	16	2	4	5	8	4	52	78	89	90	100	485	147	12	24	53	58
Redcar and Cleveland	11	450	2.4	matched	redcar and cleveland	1	False	0	0	0	0	0	0	1	0	0	0	0	3	3	0	3	1	0	3	1	6	16	3	3	15	13	33	9	50	18	42	83	40	76	71	482	111	15	18	34	44
Ealing	163	455	35.8	matched	ealing	1	False	0	0	0	0	0	0	1	0	1	0	1	3	21	20	32	38	46	0	2	8	2	13	1	3	1	4	1	3	2	13	27	188	139	74	481	164	15	25	49	75
Oxford	310	459	67.5	matched	oxford	1	False	0	0	0	0	0	0	2	2	1	0	3	15	26	42	62	84	73	1	4	4	6	4	2	2	1	5	4	2	9	92	47	61	117	119	480	285	28	54	99	104
Folkestone and Hythe	35	429	8.2	matched	shepway	1	False	0	0	0	0	0	0	2	0	2	0	2	2	2	8	4	7	6	4	4	9	13	12	9	13	11	9	9	12	30	42	39	76	81	107	480	174	25	26	57	66
East Ayrshire	32	445	7.2	matched	east ayrshire	1	False	0	0	0	0	0	0	0	2	0	3	3	8	4	2	3	0	7	0	3	5	4	15	5	16	8	20	11	11	11	31	62	95	99	81	477
Ribble Valley	49	383	12.8	matched	ribble valley	1	False	0	0	0	0	0	0	0	1	0	1	1	1	3	4	7	20	11	2	7	18	27	14	24	22	8	17	15	28	19	49	45	32	51	97	475	130	18	22	36	54
Lancaster	100	434	23.0	matched	lancaster	1	False	0	0	0	0	0	0	6	0	0	0	4	10	5	14	12	29	20	1	5	9	8	8	6	17	13	4	13	10	18	34	41	50	105	129	471	190	14	26	67	83
Charnwood	51	435	11.7	matched	charnwood	1	False	0	0	0	0	0	0	0	0	0	0	3	0	4	5	19	10	10	3	9	9	7	5	3	6	24	21	12	19	9	37	36	45	94	132	471	242	31	41	74	96
St Albans	138	434	31.8	matched	st albans	1	False	0	0	0	0	0	0	1	0	0	2	1	6	20	12	19	44	33	0	2	14	6	5	4	3	8	8	3	9	12	34	57	48	110	142	465	313	36	45	101	131
North East Derbyshire	20	421	4.8	matched	north east derbyshire	1	False	0	0	0	0	0	0	1	0	0	2	1	0	4	3	3	6	0	1	1	12	8	5	13	9	14	22	20	18	36	46	55	50	70	81	461	198	24	44	58	72
Leicester	50	403	12.4	matched	leicester	1	False	0	0	0	0	0	0	0	1	1	0	0	0	34	0	8	5	1	0	0	0	44	6	7	4	23	6	37	4	13	35	25	61	103	92	460	140	14	35	37	54
Dover	37	413	9.0	matched	dover	1	False	0	0	0	0	0	0	1	1	1	2	1	3	2	6	5	8	7	0	6	15	14	7	5	7	5	11	9	9	10	45	68	58	113	78	460	160	22	33	51	54
Rhondda Cynon Taf	36	394	9.1	matched	rhondda	1	False	0	0	0	0	0	0	0	0	0	0	0	0	2	0	6	12	16	1	3	10	32	10	5	11	4	7	3	3	20	54	64	33	91	104	455	92	6	15	20	51
Tandridge	60	383	15.7	matched	tandridge	1	False	0	0	0	0	0	0	1	1	3	0	3	4	10	4	8	17	9	6	11	13	13	17	10	6	15	19	6	26	17	39	59	45	84	67	453	175	26	36	57	56
Swale	24	390	6.2	matched	mid kent	1	True	0	0	0	0	0	0	0	0	0	0	1	1	4	2	6	6	4	2	6	8	9	21	11	19	16	6	10	18	10	23	45	50	97	96	447	141	8	24	59	50
Chorley	21	381	5.5	matched	chorley	1	False	0	0	0	0	0	0	0	0	0	0	0	0	3	1	3	8	6	1	7	3	8	19	17	20	12	13	14	10	12	28	38	56	76	102	436	185	20	37	60	68
Rugby	53	372	14.2	matched	rugby	1	False	0	0	0	0	0	0	0	2	1	0	3	2	1	11	10	14	9	2	6	14	6	18	13	21	6	8	9	14	24	24	47	34	61	124	431	179	12	26	61	80
Bromley	103	396	26.0	matched	bromley	1	False	0	0	0	0	0	0	1	0	1	0	3	4	6	14	19	33	22	1	2	10	7	5	4	3	8	3	6	2	7	30	47	61	85	144	425	301	28	46	88	139
Stockton-on-Tees	25	379	6.6	matched	stockton-on-tees	1	False	0	0	0	0	0	0	0	1	1	0	3	0	2	2	6	5	5	1	6	8	26	4	1	8	4	40	25	40	6	37	39	31	75	74	425	133	11	13	55	54
Vale of Glamorgan	77	386	19.9	matched	glamorgan	1	False	0	0	0	0	0	0	1	2	0	4	3	1	2	10	10	14	30	1	6	7	6	6	12	9	12	9	8	7	11	58	47	39	62	124	424	176	19	29	41	87
South Staffordshire	27	329	8.2	matched	south staffordshire	1	False	0	0	0	0	0	0	0	0	0	0	4	0	11	1	2	5	4	2	2	7	16	44	24	6	7	16	3	9	7	33	45	44	81	78	424	136	14	36	40	46
North Tyneside	36	416	8.7	matched	north tyneside	1	False	0	0	0	0	0	0	1	0	1	0	1	0	7	3	10	7	6	0	0	0	3	2	1	5	0	1	2	7	8	88	103	42	62	98	422	152	18	21	50	63
Southampton	29	379	7.7	matched	southampton	1	False	0	0	0	0	0	0	0	0	0	0	1	0	0	1	8	11	8	1	2	2	9	27	2	2	0	6	3	4	3	18	17	56	131	139	422	160	17	26	48	69
Croydon	76	398	19.1	matched	croydon	1	False	0	0	0	0	0	0	0	0	2	1	3	2	4	4	16	24	20	1	1	8	6	3	3	4	8	4	2	7	47	13	41	53	121	98	420	217	15	31	84	87
Arun	47	382	12.3	matched	arun	1	False	0	0	0	0	0	0	0	1	0	2	2	1	4	5	6	16	10	2	2	8	7	13	6	10	4	5	8	7	16	27	42	47	94	122	420	199	24	28	77	70
Newcastle-under-Lyme	16	318	5.0	matched	newcastle under lyme	1	False	0	0	0	0	0	0	0	1	0	0	3	4	0	3	1	2	2	0	7	5	77	4	8	14	3	9	5	13	16	28	31	47	67	85	419	149	14	34	49	52
Lichfield	33	343	9.6	matched	lichfield	1	False	0	0	0	0	0	0	0	0	1	2	5	1	3	0	7	8	6	1	3	8	5	6	52	15	8	7	10	23	39	18	40	40	73	70	418	152	19	23	48	62
Swindon	26	361	7.2	matched	swindon	1	False	0	0	0	0	0	0	0	0	0	0	0	1	0	0	5	12	8	0	2	37	0	9	5	3	4	0	5	6	52	34	27	33	87	110	414	208	13	27	75	93
Melton	21	375	5.6	matched	melton	1	False	0	0	0	0	0	0	0	0	0	0	2	1	2	3	3	4	6	4	7	7	4	7	9	6	15	22	20	14	32	41	29	67	55	74	413	155	19	31	43	62
Erewash	10	392	2.6	matched	erewash	1	False	0	0	0	0	0	0	0	0	0	0	0	0	1	0	1	3	5	0	0	2	5	12	2	3	10	63	45	36	20	45	27	20	48	75	413	124	17	14	42	51
Bury	14	402	3.5	matched	bury	1	False	0	0	0	0	0	0	0	1	0	0	0	2	0	0	3	5	3	0	2	0	1	3	3	11	80	8	3	5	13	20	24	72	92	74	411	128	15	14	40	59
Ashfield	12	370	3.2	matched	ashfield	1	False	0	0	0	0	0	0	2	0	1	1	0	0	1	0	4	2	1	1	2	4	3	4	25	9	10	8	11	33	15	30	37	42	94	81	409	149	20	24	55	50
Mansfield	10	327	3.1	matched	mansfield	1	False	0	0	0	0	0	0	0	0	1	0	0	0	0	1	2	5	1	0	1	61	1	2	6	37	18	14	26	28	19	32	28	24	51	50	398	89	10	18	23	38
South Tyneside	15	243	6.2	matched	south tyneside	1	False	0	0	0	0	0	0	0	1	0	0	1	1	2	2	2	3	3	0	51	4	91	1	3	28	37	1	5	4	7	58	40	15	26	22	393	45	6	9	15	15
Trafford	61	375	16.3	matched	trafford	1	False	0	0	0	0	0	0	0	0	0	0	0	1	15	10	8	18	9	0	1	1	5	6	3	5	2	5	2	10	14	21	45	55	86	130	391	211	23	38	53	97
Woking	48	355	13.5	matched	woking	1	False	0	0	0	0	0	0	1	1	1	2	3	0	6	4	4	9	17	0	3	6	16	6	5	9	6	9	2	34	6	26	46	91	66	60	391	133	17	18	45	53
Thurrock	8	384	2.1	matched	thurrock	1	False	0	0	0	0	0	0	0	0	1	0	1	0	1	1	0	3	1	0	3	0	3	0	0	4	6	1	3	10	0	5	5	283	33	34	390	56			23	26
Worcester	11	381	2.9	matched	worcester	1	False	0	0	0	0	0	0	0	0	0	1	0	0	1	0	2	4	3	0	0	0	1	3	4	2	1	2	35	1	26	8	42	108	109	47	389	96			43	27
Sefton	30	355	8.5	matched	sefton	1	False	0	0	0	0	0	0	1	2	1	0	0	0	0	1	8	7	10	0	1	7	9	4	10	4	3	5	1	4	4	32	38	64	115	85	386	149	15	25	51	58
Hartlepool	11	382	2.9	matched	hartlepool	1	False	0	0	0	0	0	0	0	0	0	1	1	1	0	2	1	1	4	0	1	0	2	1	0	11	0	2	4	1	3	88	59	36	115	63	386	68	5	7	22	34
Hart	54	318	17.0	matched	hart	1	False	0	0	0	0	0	0	0	3	0	1	1	1	4	2	7	16	19	0	16	11	24	10	3	17	16	7	6	8	7	31	35	44	61	86	382	188	20	40	59	69
Cardiff	124	337	36.8	matched	cardiff	1	False	0	0	0	0	0	0	2	0	1	1	2	1	1	5	17	29	65	0	5	2	17	0	3	4	3	5	3	7	8	31	27	43	70	136	364	240	18	29	63	130
Reigate and Banstead	100	332	30.1	matched	reigate	1	False	0	0	0	0	0	0	4	0	1	1	4	12	9	22	12	16	19	0	2	7	9	8	6	3	5	9	8	1	18	34	34	45	79	96	364	183	15	29	69	70
High Peak	20	324	6.2	matched	high peak	1	False	0	0	0	0	0	0	0	0	1	2	1	0	0	0	2	8	6	1	4	8	8	11	6	2	3	13	3	18	14	28	54	40	79	70	362	188	23	36	61	68
Wyre	19	307	6.2	matched	wyre	1	False	0	0	0	0	0	0	0	1	0	0	2	2	2	1	4	4	3	0	2	6	12	27	4	12	11	9	6	6	9	26	20	47	77	84	358	122	15	20	36	51
Preston	10	328	3.0	matched	preston	1	False	0	0	0	0	0	0	0	2	0	0	0	2	3	3	0	0	0	0	2	5	11	8	3	7	8	4	12	9	14	48	28	26	97	75	357	124	13	22	43	46
Elmbridge	121	293	41.3	matched	elmbridge	1	False	0	0	0	0	0	0	1	1	1	2	7	4	5	10	16	36	38	1	6	7	15	24	7	2	10	11	1	7	8	21	49	46	58	80	353	193	26	38	58	71
Haringey	144	302	47.7	matched	haringey	1	False	0	0	0	0	0	0	1	0	2	3	0	3	11	21	21	36	46	0	4	37	3	1	4	2	4	2	8	2	3	14	39	76	82	70	351	188	19	34	62	73
Gosport	10	345	2.9	matched	gosport	1	False	0	0	0	0	0	0	0	0	0	0	0	0	1	0	1	3	5	0	1	0	5	0	0	1	1	2	0	1	2	7	36	70	149	76	351	57			21	24
Blaby	9	319	2.8	matched	blaby	1	False	0	0	0	0	0	0	0	0	0	0	0	0	0	3	1	2	3	0	1	1	1	10	17	1	3	34	29	2	18	45	32	30	57	68	349	125			50	41
Coventry	44	293	15.0	matched	coventry	1	False	0	0	0	0	0	0	0	2	0	0	0	0	10	4	7	7	14	0	1	2	21	23	8	0	3	7	11	1	5	22	17	34	73	120	348	179	12	23	59	85
Barnet	177	313	56.5	matched	barnet	1	False	0	0	0	0	0	0	1	2	0	4	2	10	7	18	28	59	46	0	5	12	7	6	4	2	6	3	7	7	6	12	25	49	79	117	347	192	17	34	67	74
Rutland	56	289	19.4	matched	rutland	1	False	0	0	0	0	0	0	0	1	1	2	2	1	11	5	13	11	9	3	6	11	12	11	12	14	11	13	6	14	17	33	38	30	66	47	344	114	16	25	27	46
Hillingdon	59	291	20.3	matched	hillingdon	1	False	0	0	0	0	0	0	0	1	0	0	2	0	3	3	15	16	19	2	6	4	6	2	26	6	3	3	3	2	5	17	21	38	98	95	337	153	15	22	54	62
Kingston upon Hull, City of	12	327	3.7	matched	hull	1	False	0	0	0	0	0	0	0	1	0	0	1	2	2	0	5	1	0	0	0	1	1	3	3	2	24	22	8	17	19	31	23	57	75	49	335	112	19	21	37	35
Bromsgrove	16	292	5.5	matched	bromsgrove redditch	1	True	0	0	0	0	0	0	0	1	0	1	0	0	4	2	0	5	3	2	4	6	10	5	14	8	5	12	8	9	6	29	17	78	48	72	333	123	9	19	49	46
Richmond upon Thames	243	314	77.4	matched	richmond	1	False	0	0	0	0	0	0	4	3	4	3	3	8	13	35	41	69	60	0	5	1	3	8	0	5	4	3	7	5	10	14	55	45	72	94	331	220	23	43	65	89
Bolsover	10	324	3.1	matched	bolsover	1	False	0	0	0	0	0	0	0	1	0	0	0	1	2	0	1	2	3	0	0	4	1	1	1	4	6	11	13	17	19	17	27	58	81	71	331	120	9	24	44	43
Southwark	331	318	104.1	matched	southwark	1	False	0	0	0	0	0	0	10	6	5	2	5	13	26	47	48	99	70	0	1	2	3	6	0	5	0	1	2	3	6	29	37	61	76	98	330	205	24	41	49	91
Caerphilly	26	300	8.7	matched	caerphilly	1	False	0	0	0	0	0	0	0	0	0	0	0	1	2	5	1	6	11	0	3	11	4	5	5	1	3	3	2	4	6	53	56	37	62	73	328	81	7	17	11	46
Aberdeen City	39	297	13.1	matched	aberdeen	1	False	0	0	0	0	0	0	2	2	3	0	1	1	2	5	6	8	9	1	6	8	1	7	7	2	3	7	6	10	7	25	40	35	108	54	327
Cheltenham	68	273	24.9	matched	cheltenham	1	False	0	0	0	0	0	0	1	0	0	0	2	3	6	7	10	28	11	0	7	7	23	7	7	5	1	0	3	3	8	19	28	57	70	79	324	170	19	27	47	77
Middlesbrough	4	274	1.5	matched	middlesbrough	1	False	0	0	0	0	0	0	0	0	0	0	0	0	0	2	1	0	1	0	2	1	0	0	46	21	21	24	18	19	15	28	13	18	49	48	323	70	5	8	21	36
Solihull	31	259	12.0	matched	solihull	1	False	0	0	0	0	0	0	0	0	0	0	1	2	2	5	5	7	9	2	18	5	21	6	8	12	3	2	4	3	9	27	27	40	64	68	319	160	15	33	49	63
Walsall	12	288	4.2	matched	walsall	1	False	0	0	0	0	0	0	0	0	0	0	0	0	1	1	0	7	3	1	2	1	2	0	23	1	1	0	4	1	1	17	16	83	107	57	317	90	11	19	29	31
Bracknell Forest	29	267	10.9	matched	bracknell	1	False	0	0	0	0	0	0	0	0	0	0	2	1	2	2	4	10	8	2	9	8	10	9	6	6	8	4	2	1	5	17	37	38	52	97	311	146	8	25	45	68
Bridgend	23	300	7.7	matched	bridgend	1	False	0	0	0	0	0	0	0	0	1	1	0	0	0	1	2	2	16	0	2	1	2	3	3	5	3	74	5	9	3	6	23	26	60	86	311	82	7	10	23	42
Norwich	58	258	22.5	matched	norwich	1	False	0	0	0	0	0	0	1	1	1	2	1	2	9	3	7	18	13	1	2	7	17	17	4	4	4	9	8	12	17	23	20	22	58	81	306	131	11	16	42	62
Midlothian	40	294	13.6	matched	midlothian	1	False	0	0	0	0	0	0	4	0	1	0	1	8	2	4	7	5	8	2	1	3	1	0	4	10	7	5	13	4	12	33	49	45	61	55	305
Lewisham	136	298	45.6	matched	lewisham	1	False	0	0	0	0	0	0	0	0	0	0	0	0	9	15	26	48	38	0	2	2	1	0	0	2	3	4	1	2	6	16	28	52	96	88	303	222	20	36	90	76
Ipswich	15	289	5.2	matched	ipswich	1	False	0	0	0	0	0	0	0	0	1	0	0	2	1	1	3	4	3	0	2	4	1	3	4	5	25	12	5	22	6	69	29	22	50	44	303	83	7	14	29	33
Merton	123	263	46.8	matched	merton	1	False	0	0	0	0	0	0	0	0	0	2	7	2	6	11	19	37	39	0	3	21	5	4	4	4	2	3	6	3	9	16	34	38	68	80	300	156	14	28	60	54
Luton	5	297	1.7	matched	luton	1	False	0	0	0	0	0	0	0	0	0	0	0	0	0	1	1	3	0	0	0	0	2	0	0	0	0	3	1	2	0	9	10	174	42	56	299	69			21	37
Fareham	25	287	8.7	matched	fareham	1	False	0	0	0	0	0	0	0	0	0	0	1	1	1	3	6	11	2	0	0	2	3	3	3	7	5	2	3	6	4	20	25	46	77	92	298	188	24	25	63	76
Darlington	26	267	9.7	matched	darlington	1	False	0	0	0	0	0	0	1	0	0	1	2	2	2	6	3	5	4	3	1	7	9	4	4	9	8	14	5	7	7	20	21	37	85	54	295	114	7	16	50	41
Thanet	33	284	11.6	matched	thanet	1	False	0	0	0	0	0	0	0	0	0	0	0	3	1	1	3	18	7	0	2	1	1	0	2	2	2	3	1	7	7	15	24	38	72	113	290	138	17	24	53	44
Broxtowe	27	276	9.8	matched	broxtowe	1	False	0	0	0	0	0	0	0	0	0	0	0	0	2	6	6	7	6	1	1	1	3	7	1	1	5	3	3	9	10	32	41	40	49	83	290	169	22	19	53	75
Chesterfield	19	280	6.8	matched	chesterfield	1	False	0	0	0	0	0	0	0	0	0	0	1	2	2	3	1	7	3	0	0	1	5	1	3	1	5	18	23	16	18	27	22	22	56	72	290	111	14	13	35	49
Stoke-on-Trent	11	283	3.9	matched	stoke on trent	1	False	0	0	0	0	0	0	0	0	0	0	0	0	4	2	4	1	0	0	0	3	1	1	2	1	1	2	1	2	10	29	48	38	76	75	290	118	12	15	51	40
Runnymede	59	219	26.9	matched	runnymede	1	False	0	0	0	0	0	0	7	3	4	3	0	5	0	3	7	16	11	2	12	17	20	12	6	14	8	13	5	8	12	16	15	40	35	53	288	94	9	15	34	36
Eastleigh	23	263	8.7	matched	eastleigh	1	False	0	0	0	0	0	0	0	0	0	2	0	0	1	0	7	11	2	0	1	2	0	7	12	5	6	3	6	8	3	31	23	26	66	86	285	179	14	29	61	75
Rochdale	29	248	11.7	matched	rochdale	1	False	0	0	0	0	0	0	0	0	2	0	1	0	15	1	5	5	0	2	5	4	4	20	0	3	4	7	0	6	13	20	29	18	79	69	283	110	15	15	40	40
Medway	72	275	26.2	matched	medway	1	False	0	0	0	0	0	0	0	0	1	1	2	1	3	13	33	10	8	0	1	1	0	3	2	2	7	13	7	9	4	13	18	31	71	100	282	159	19	25	46	69
East Dunbartonshire	11	262	4.2	matched	east dunbartonshire	1	False	0	0	0	0	0	0	0	0	0	0	1	0	0	2	1	6	1	1	6	3	4	2	3	10	7	7	4	15	9	21	37	50	54	48	281
Greenwich	141	218	64.7	matched	greenwich	1	False	0	0	0	0	0	0	0	0	1	4	2	2	18	26	20	30	38	0	1	2	56	2	0	0	2	3	1	0	4	40	17	29	36	86	279	131	11	17	41	62
Exeter	45	265	17.0	matched	exeter	1	False	0	0	0	0	0	0	1	0	0	0	0	4	11	7	7	10	5	0	1	6	2	1	2	6	0	5	3	5	13	27	15	39	62	90	277	176	16	31	61	68
Brent	116	269	43.1	matched	brent	1	False	0	0	0	0	0	0	2	2	3	4	1	1	9	15	23	24	32	0	2	3	2	0	0	3	4	0	4	3	1	11	28	85	52	78	276	138	17	22	44	55
South Ribble	26	243	10.7	matched	south ribble	1	False	0	0	0	0	0	0	1	0	0	0	2	1	5	2	2	9	4	0	1	7	9	9	7	10	8	11	5	9	4	21	14	32	64	65	276	153	14	34	43	62
Kingston upon Thames	66	220	30.0	matched	kingston	1	False	0	0	0	0	0	0	6	2	3	0	0	0	4	7	6	11	27	0	6	6	26	11	2	5	2	2	6	2	5	15	21	31	55	76	271	152	14	22	54	62
Plymouth	52	231	22.5	matched	plymouth	1	False	0	0	0	0	0	0	1	0	0	1	0	8	9	7	7	10	9	1	16	8	1	13	0	15	2	5	3	4	2	15	14	28	61	82	270	137	7	15	45	70
Renfrewshire	26	251	10.4	matched	renfrewshire	1	False	0	0	0	0	0	0	2	0	0	0	0	4	0	2	2	6	10	1	3	1	5	2	6	5	5	5	17	5	7	23	39	44	54	47	269
Hackney	150	221	67.9	matched	hackney	1	False	0	0	0	0	0	0	1	6	3	0	2	1	13	29	23	39	33	0	3	32	0	8	1	3	2	4	1	2	5	18	32	33	60	61	265	151	10	35	46	60
Wandsworth	273	239	114.2	matched	wandsworth	1	False	0	0	0	0	0	0	2	0	0	3	5	8	14	61	49	53	78	1	3	12	3	3	2	4	2	3	0	3	5	15	23	44	62	78	263	169	13	36	55	65
Gateshead	19	221	8.6	matched	gateshead	1	False	0	0	0	0	0	0	0	0	2	0	0	2	1	2	2	9	1	0	10	3	19	7	3	0	2	1	2	13	5	48	13	19	45	73	263	103	8	13	28	54
Welwyn Hatfield	74	243	30.5	matched	welwyn hatfield	1	False	0	0	0	0	0	0	0	0	0	0	1	2	5	11	14	25	16	0	1	2	4	4	8	6	8	6	4	3	6	18	32	25	64	71	262	150	13	24	53	60
Havant	15	250	6.0	matched	havant	1	False	0	0	0	0	0	0	0	0	0	0	0	1	1	3	3	4	3	0	3	0	3	1	3	3	3	3	2	2	5	25	11	30	53	113	260	126	6	16	47	57
Dudley	17	256	6.6	matched	dudley	1	False	0	0	0	0	0	0	0	0	0	0	1	1	4	1	3	5	2	0	1	0	1	1	0	3	2	1	0	2	3	21	15	38	76	95	259	102	9	13	32	48
Gravesham	17	234	7.3	matched	gravesham	1	False	0	0	0	0	0	0	0	0	0	0	1	1	4	3	4	3	1	0	1	11	2	4	3	7	7	7	4	1	6	8	32	21	61	80	255	63	8	9	20	26
Lambeth	231	236	97.9	matched	lambeth	1	False	0	0	0	0	0	0	1	0	0	1	3	5	13	47	52	65	44	2	3	3	3	2	5	1	5	2	0	5	4	10	25	45	63	76	254	152	14	19	48	71
Oldham	16	217	7.4	matched	oldham	1	False	0	0	0	0	0	0	0	0	0	0	0	0	3	0	2	9	2	0	4	8	18	5	0	2	4	4	1	3	9	34	26	30	51	53	252	85	11	15	29	30
Torbay	28	243	11.5	matched	torbay	1	False	0	0	0	0	0	0	0	0	0	0	2	1	0	3	5	13	4	0	0	2	2	1	3	0	6	5	1	2	13	11	16	50	89	50	251	99	9		31
Wyre Forest	12	218	5.5	matched	wyre forest	1	False	0	0	0	0	0	0	0	0	0	0	0	0	2	2	1	4	3	1	6	10	4	6	4	11	5	8	6	4	10	23	26	25	53	47	249	80	15	16	21	28
Havering	31	214	14.5	matched	havering	1	False	0	0	0	0	0	0	0	2	0	0	1	0	2	1	5	9	11	1	24	1	2	1	2	0	7	17	11	11	3	9	15	48	42	51	245	82	7	8	32	35
Basildon	29	236	12.3	matched	basildon	1	False	0	0	0	0	0	0	0	0	0	0	1	0	0	4	4	8	12	0	3	1	1	1	1	3	10	39	8	10	1	21	18	10	56	60	243	101	10	14	36	41
Harrow	53	229	23.1	matched	harrow	1	False	0	0	0	0	0	0	0	0	0	1	2	0	4	11	4	21	10	0	3	2	0	3	5	4	2	5	3	4	4	13	18	31	68	77	242	155	12	24	54	65
Dundee City	29	211	13.7	matched	dundee	1	False	0	0	0	0	0	0	0	1	1	2	1	3	1	1	9	4	6	0	4	3	2	17	2	8	2	5	3	3	7	15	23	39	52	54	239
Newry, Mourne and Down	7	109	6.4	matched	newry mourne down	1	False	0	0	0	0	0	0	1	0	0	0	0	1	2	3	0	0	0	0	3	10	36	33	47	45	54	3	0	0	0	1	2	1	1	2	238
Nuneaton and Bedworth	0	229	0.0	mcs_only		0	False	0	0	0	0	0	0	0	0	0	0	0	0	0	0	0	0	0	0	0	0	0	1	5	2	3	3	2	2	2	11	9	22	56	117	235	90	8	6	41	35
Newport	60	202	29.7	matched	newport	1	False	0	0	0	0	0	0	0	0	0	0	0	0	1	4	17	16	22	1	3	2	0	5	18	6	4	3	2	3	8	10	11	20	55	80	231	83			33	37
Sandwell	23	225	10.2	matched	sandwell	1	False	0	0	0	0	0	0	0	0	0	0	0	1	2	1	2	15	2	0	0	0	1	0	1	1	0	0	1	1	2	16	9	30	93	72	227	99	8	13	41	37
Lincoln	11	215	5.1	matched	lincoln	1	False	0	0	0	0	0	0	0	0	0	0	0	1	3	2	1	3	1	1	0	1	0	9	1	3	1	4	5	7	11	18	17	32	44	73	227	102	17	14	36	35
Gloucester	13	165	7.9	matched	gloucester	1	False	0	0	0	0	0	0	0	1	0	0	0	0	1	0	1	6	4	0	1	0	29	31	0	1	0	0	2	2	2	3	28	16	35	76	226	74	9	7	22	36
Waltham Forest	95	223	42.6	matched	waltham forest	1	False	0	0	0	0	0	0	0	0	0	0	1	2	12	17	19	22	22	0	0	0	1	0	0	1	2	4	1	3	4	11	21	36	63	77	224	182	21	36	51	74
North Warwickshire	5	203	2.5	matched	north warwickshire	1	False	0	0	0	0	0	0	1	0	0	1	0	0	0	0	1	2	0	1	2	3	5	4	6	4	3	1	7	10	8	15	49	25	38	43	224	77	15	11	28	23
St. Helens	6	205	2.9	matched	st helens	1	False	0	0	0	0	0	0	0	0	0	0	0	0	0	1	0	3	2	0	2	2	4	2	1	0	2	3	1	4	2	17	21	32	70	53	216	96	8	11	40	37
Hounslow	134	202	66.3	matched	hounslow	1	False	0	0	0	0	0	0	3	4	1	2	9	1	17	15	27	22	33	0	1	1	6	0	4	0	1	10	3	2	4	12	19	37	64	50	214	91	8	17	30	36
Epsom and Ewell	22	112	19.6	matched	epsom and ewell	1	False	0	0	0	0	0	0	0	1	0	0	0	1	1	0	8	5	6	0	32	22	21	26	1	4	1	0	0	0	3	15	11	24	32	22	214	66	7	16	19	24
Camden	266	175	152.0	matched	camden	1	False	0	0	0	0	0	0	4	10	6	13	5	17	36	67	59	49	0	0	1	1	9	19	6	7	2	2	1	2	5	15	24	30	40	47	211	124	13	27	41	43
Three Rivers	84	192	43.8	matched	three rivers	1	False	0	0	0	0	0	0	2	1	3	1	1	4	6	11	22	19	14	0	1	5	5	7	1	4	5	3	3	2	9	14	26	15	51	60	211	128	12	19	41	56
Adur	28	193	14.5	matched	adur and worthing	1	True	0	0	0	0	0	0	0	0	0	1	1	1	4	4	3	9	5	2	1	3	0	7	1	1	2	1	0	1	7	15	24	59	38	45	207	74			27	32
Fylde	20	178	11.2	matched	fylde	1	False	0	0	0	0	0	0	2	1	1	1	1	2	0	2	1	2	7	1	5	2	8	3	10	10	11	4	4	4	8	10	9	32	47	39	207	72	10	15	23	24
Tameside	27	183	14.8	matched	tameside	1	False	0	0	0	0	0	0	1	0	0	0	1	1	10	4	3	4	3	0	2	1	8	7	5	4	2	4	2	5	3	21	17	20	47	58	206	94	6	16	31	41
Knowsley	17	197	8.6	matched	knowsley	1	False	0	0	0	0	0	0	0	0	0	0	0	2	2	0	3	5	5	0	1	1	0	1	2	0	2	21	1	2	0	17	18	45	63	28	202	60	7	11	20	22
Blackpool	14	199	7.0	matched	blackpool	1	False	0	0	0	0	0	0	0	0	0	0	0	1	0	0	2	9	2	0	0	0	0	3	0	0	0	3	1	3	0	10	5	30	71	76	202	43		0		25
Southend-on-Sea	17	139	12.2	matched	southend	1	False	0	0	0	0	0	0	1	1	0	1	0	0	0	2	0	6	6	0	0	0	49	11	2	2	3	6	7	1	4	6	13	23	25	49	201	58	9	8	21	20
Sutton	75	182	41.2	matched	sutton	1	False	0	0	0	0	0	0	0	0	1	2	2	1	2	18	15	16	18	1	2	2	1	0	9	1	3	1	1	7	3	17	19	15	52	63	197	123	6	13	51	53
Hertsmere	33	177	18.6	matched	hertsmere	1	False	0	0	0	0	0	0	2	1	1	0	2	0	0	1	8	8	10	0	1	10	5	1	2	2	27	3	3	2	6	23	9	31	39	32	196	81	9	15	33	24
Portsmouth	27	193	14.0	matched	portsmouth	1	False	0	0	0	0	0	0	0	0	0	0	1	5	2	0	2	10	7	1	1	0	0	1	0	2	0	3	0	0	4	9	15	37	34	89	196	68			28	29
East Renfrewshire	12	178	6.7	matched	east renfrewshire	1	False	0	0	0	0	0	0	0	2	0	0	0	1	1	2	1	1	4	1	2	0	1	5	1	3	2	5	6	2	4	18	26	33	40	39	188
Clackmannanshire	10	173	5.8	matched	clackmannanshire	1	False	0	0	0	0	0	0	0	0	0	0	0	0	6	0	0	3	1	1	1	2	1	9	1	1	1	2	4	55	8	11	15	19	28	29	188
Brentwood	34	175	19.4	matched	brentwood	1	False	0	0	0	0	0	0	0	2	0	0	0	1	4	5	3	7	12	2	2	3	2	2	1	7	3	7	6	5	5	37	18	24	25	38	187	84	11	17	24	32
Halton	8	175	4.6	matched	halton	1	False	0	0	0	0	0	0	2	0	0	0	0	1	0	1	1	1	2	1	1	2	0	4	1	0	1	1	0	6	4	13	39	34	38	39	184	68	7	11	25	25
Dartford	27	134	20.1	matched	dartford	1	False	0	0	0	0	0	0	0	0	2	1	0	2	0	4	5	10	3	0	7	2	28	1	0	0	2	4	2	1	1	7	8	11	36	62	172	87	6	9	32	40
Surrey Heath	25	162	15.4	matched	surrey heath	1	False	0	0	0	0	0	0	0	0	0	0	0	0	0	2	4	10	9	0	2	0	2	3	2	2	4	4	3	2	1	12	20	23	34	57	171	115	9	19	33	54
Worthing	23	158	14.6	matched	adur and worthing	1	True	0	0	0	0	0	0	0	0	0	0	0	1	3	3	3	8	5	0	3	3	1	2	3	3	2	1	1	2	4	12	10	16	41	66	170	96	7	10	37	42
Wolverhampton	12	169	7.1	matched	wolverhampton	1	False	0	0	0	0	0	0	0	0	0	0	0	0	0	1	6	4	1	0	0	0	0	1	0	1	2	0	1	1	2	9	11	30	73	39	170	64	10	13	17	24
Mid Ulster	3	71	4.2	matched	mid ulster	1	False	0	0	0	0	0	0	0	0	0	0	0	0	0	2	0	1	0	0	2	10	14	29	39	37	27	0	0	0	0	0	2	1	2	2	165
Bexley	33	157	21.0	matched	bexley	1	False	0	0	0	0	0	0	1	0	0	1	0	1	2	6	7	8	7	0	2	0	1	1	1	2	2	2	0	1	3	11	11	27	48	50	162	93			41	35
Hyndburn	8	151	5.3	matched	hyndburn	1	False	0	0	0	0	0	0	0	0	0	0	0	0	0	0	3	5	0	1	0	1	1	2	4	3	0	3	3	3	2	7	8	28	38	56	160	38			15	13
Hammersmith and Fulham	227	116	195.7	matched	hammersmith and fulham	1	False	0	0	0	0	0	0	4	5	3	3	3	18	30	31	38	45	47	2	0	6	5	28	1	5	2	0	0	4	6	7	11	13	29	39	158	64	6	10	20	28
Burnley	5	147	3.4	matched	burnley	1	False	0	0	0	0	0	0	1	0	1	0	0	1	1	0	0	1	0	1	0	1	3	0	2	0	3	0	1	3	4	11	5	40	50	30	154	30			15	8
Redbridge	40	142	28.2	matched	redbridge	1	False	0	0	0	0	0	0	1	0	0	0	1	0	2	3	12	12	9	0	2	1	2	1	3	3	1	2	0	0	2	8	14	25	38	49	151	98	10	18	31	39
Islington	280	142	197.2	matched	islington	1	False	0	0	0	0	0	0	2	1	2	1	7	7	9	28	46	93	84	2	0	2	4	0	0	0	1	0	1	1	9	6	11	31	31	51	150	108	5	23	36	44
Kensington and Chelsea	447	140	319.3	matched	kensington	1	False	0	0	0	0	0	0	8	10	14	9	8	11	23	37	120	111	96	1	0	1	3	2	0	5	1	1	1	1	1	6	6	6	90	22	147	38			8	21
Spelthorne	27	120	22.5	matched	spelthorne	1	False	0	0	0	0	0	0	0	0	0	0	0	1	4	4	4	8	6	0	0	5	8	5	5	5	8	5	1	2	4	5	12	13	29	36	143	72	9	8	29	26
Rushmoor	20	127	15.7	matched	rushmoor	1	False	0	0	0	0	0	0	0	0	0	0	0	0	3	0	5	9	3	0	0	2	0	2	1	0	0	0	1	0	1	12	7	6	29	71	132	90			32	48
Blaenau Gwent	13	115	11.3	matched	blaenau gwent	1	False	0	0	0	0	0	0	0	0	0	0	0	0	0	3	2	4	4	0	11	3	0	0	0	0	0	1	1	0	0	3	6	36	42	26	129	23				16
Slough	9	117	7.7	matched	slough	1	False	0	0	0	0	0	0	1	0	0	0	0	0	3	1	0	2	2	0	1	0	0	0	10	2	0	1	1	0	0	5	7	21	44	36	128	61			26	15
Rochford	7	120	5.8	matched	rochford	1	False	0	0	0	0	0	0	1	0	0	0	0	0	0	0	2	2	2	1	1	1	4	1	0	0	7	2	4	7	1	11	14	25	24	25	128	59	7	8	19	25
Armagh City, Banbridge and Craigavon	8	63	12.7	matched	armagh banbridge craigavon	1	False	0	0	0	0	0	0	1	0	0	0	0	1	0	2	0	3	1	0	0	29	10	7	12	26	27	1	0	0	0	0	1	1	2	5	121
Broxbourne	9	112	8.0	matched	broxbourne	1	False	0	0	0	0	0	0	0	0	0	0	0	0	0	0	2	5	2	0	1	0	6	0	1	1	1	1	0	3	7	2	9	7	50	31	120	57	0	13	23	21
Stevenage	17	114	14.9	matched	stevenage	1	False	0	0	0	0	0	0	0	0	0	0	0	9	3	1	0	3	1	0	0	0	0	2	3	0	2	3	1	3	3	4	5	8	22	63	119	58			21	26
Cannock Chase	5	112	4.5	matched	cannock chase	1	False	0	0	0	0	0	0	0	1	0	0	0	0	1	0	0	2	1	0	2	0	1	2	0	1	2	1	0	1	7	10	7	18	38	27	117	58	8	7	12	31
Castle Point	6	106	5.7	matched	castle point	1	False	0	0	0	0	0	0	0	0	0	0	0	0	0	0	1	4	1	0	0	1	0	3	4	6	5	6	5	6	0	11	6	13	29	19	114	52			18	16
Hastings	22	106	20.8	matched	hastings	1	False	0	0	0	0	0	0	0	0	0	0	0	3	2	4	5	6	2	0	2	1	1	0	3	3	4	5	2	1	3	9	4	15	32	28	113	67	5	10	23	29
Redditch	4	106	3.8	matched	bromsgrove redditch	1	True	0	0	0	0	0	0	0	0	0	0	0	0	1	0	0	2	1	0	3	0	0	0	1	7	3	2	2	10	3	9	9	15	22	24	110	50			15	24
Inverclyde	11	101	10.9	matched	inverclyde	1	False	0	0	0	0	0	0	0	0	0	0	0	0	3	3	0	4	1	1	2	1	2	0	1	3	4	2	4	3	5	13	25	11	14	17	108
Tower Hamlets	92	97	94.8	matched	tower hamlets	1	False	0	0	0	0	0	0	6	0	3	1	2	8	9	7	12	16	28	0	0	0	1	4	0	2	0	1	1	4	3	11	9	6	28	32	102	48	5	5	18	20
Newham	42	94	44.7	matched	newham	1	False	0	0	0	0	0	0	2	0	3	2	0	2	1	7	8	8	9	0	1	0	0	0	1	0	0	0	0	0	2	2	10	13	29	38	96	67			21	32
Torfaen	24	83	28.9	matched	torfaen	1	False	0	0	0	0	0	0	0	0	0	0	0	0	0	0	1	9	14	1	1	1	6	0	4	2	1	0	2	0	1	0	4	9	31	33	96	44			17	21
Fermanagh and Omagh	10	52	19.2	matched	fermanagh and omagh	1	False	0	0	0	0	0	0	0	0	0	0	0	0	0	10	0	0	0	0	0	7	13	8	11	25	20	0	0	0	0	0	2	2	2	1	91
Eastbourne	20	86	23.3	matched	eastbourne	1	False	0	0	0	0	0	0	1	1	2	0	1	0	0	3	7	4	1	1	0	0	0	0	3	0	1	1	0	0	4	4	12	9	21	34	90	69	9	8	20	32
Westminster	545	72	756.9	matched	westminster	1	False	0	0	0	0	0	0	24	16	10	7	8	16	60	90	81	121	112	1	2	0	4	3	5	2	2	1	2	1	1	10	7	18	11	17	87	38	5	13	10	10
Ards and North Down	13	62	21.0	matched	ards and north down	1	False	0	0	0	0	0	0	0	1	0	0	0	2	0	9	0	1	0	0	1	5	6	4	9	10	12	0	0	0	0	2	2	1	17	18	87
Crawley	10	86	11.6	matched	crawley	1	False	0	0	0	0	0	0	0	0	0	0	0	0	1	0	3	2	4	0	0	1	0	0	0	1	1	3	1	0	0	5	13	8	22	32	87	53			13	34
Merthyr Tydfil	16	76	21.1	matched	merthyr tydfil	1	False	0	0	0	0	0	0	0	0	0	0	0	1	0	1	5	5	4	0	2	2	0	2	3	0	3	12	1	1	2	3	1	9	23	21	85	23		0		11
Causeway Coast and Glens	14	43	32.6	matched	causeway and glens	1	False	0	0	0	0	0	0	0	4	0	1	0	0	3	2	1	2	1	0	1	3	9	11	18	18	18	0	0	1	0	0	2	0	3	1	85
Oadby and Wigston	5	79	6.3	matched	oadby and wigston	1	False	0	0	0	0	0	0	0	0	0	0	0	0	0	4	0	0	1	1	1	0	1	0	0	4	0	2	1	0	3	14	9	8	16	22	82	37			13	17
Tamworth	1	80	1.2	matched	tamworth	1	False	0	0	0	0	0	0	0	0	0	0	0	0	0	0	1	0	0	1	0	0	0	0	0	0	0	0	1	1	1	11	7	14	27	18	81	51	5	10	20	16
West Dunbartonshire	7	76	9.2	matched	west dunbartonshire	1	False	0	0	0	0	0	0	0	0	1	0	1	1	1	1	1	1	0	0	0	0	1	1	2	3	3	0	1	3	2	8	11	10	14	21	80
Watford	25	74	33.8	matched	watford	1	False	0	0	0	0	0	0	0	0	1	0	0	0	4	3	5	5	7	0	0	0	2	0	0	0	0	0	0	2	0	6	3	18	24	21	76	53			22	21
Derry City and Strabane	4	38	10.5	matched	derry and strabane	1	False	0	0	0	0	0	0	1	0	1	0	0	0	0	2	0	0	0	0	0	3	9	9	13	16	17	0	0	0	0	0	1	0	3	1	72
Barking and Dagenham	15	66	22.7	matched	barking and dagenham	1	False	0	0	0	0	0	0	0	0	0	1	1	0	1	0	2	6	4	0	1	3	0	0	0	0	1	1	7	0	0	1	2	18	22	14	70	32			16	7
Harlow	6	66	9.1	matched	harlow	1	False	0	0	0	0	0	0	0	0	0	1	0	0	1	0	0	4	0	1	0	0	0	1	0	2	4	3	1	0	0	8	7	5	7	29	68	41			6	25
Antrim and Newtownabbey	3	42	7.1	matched	antrim and newtownabbey	1	False	0	0	0	0	0	0	0	0	0	0	0	0	0	1	0	1	1	0	1	3	5	5	8	11	10	0	0	0	0	0	2	0	3	16	64
Lisburn and Castlereagh	3	29	10.3	matched	lisburn and castlereagh	1	False	0	0	0	0	0	0	0	0	0	0	0	0	0	3	0	0	0	0	0	4	7	7	13	9	14	0	0	0	0	0	3	2	0	1	60
Belfast	11	16	68.8	matched	belfast	1	False	0	0	0	0	0	0	0	0	0	0	0	1	1	3	1	0	5	0	0	17	12	1	1	0	2	0	0	0	0	1	1	0	11	1	47
Mid and East Antrim	6	19	31.6	matched	mid east antrim	1	False	0	0	0	0	0	0	0	1	0	0	0	0	0	2	1	1	1	0	0	0	6	8	13	6	10	0	0	0	0	1	0	0	1	1	46
Isles of Scilly	7	24	29.2	matched	scilly isles	1	False	0	0	0	0	0	0	0	1	0	0	0	0	1	3	2	0	0	0	1	1	1	0	0	0	0	0	1	0	2	7	1	0	6	7	27	11	0		6
Douglas	0	1	0.0	mcs_only		0	False	0	0	0	0	0	0	0	0	0	0	0	0	0	0	0	0	0	0	0	0	0	1	0	0	0	0	0	0	0	0	0	0	0	1	2
Lonan	0	2	0.0	mcs_only		0	False	0	0	0	0	0	0	0	0	0	0	0	0	0	0	0	0	0	0	0	0	0	0	0	0	0	0	0	0	0	0	0	0	2	0	2
Onchan	0	1	0.0	mcs_only		0	False	0	0	0	0	0	0	0	0	0	0	0	0	0	0	0	0	0	0	0	0	1	0	0	0	0	0	0	0	0	0	0	0	1	0	2
Bride	0	1	0.0	mcs_only		0	False	0	0	0	0	0	0	0	0	0	0	0	0	0	0	0	0	0	0	0	0	0	0	0	0	0	0	0	0	0	0	0	0	1	0	1
German	0	0		mcs_only		0	False	0	0	0	0	0	0	0	0	0	0	0	0	0	0	0	0	0	1	0	0	0	0	0	0	0	0	0	0	0	0	0	0	0	0	1
Ramsey	0	1	0.0	mcs_only		0	False	0	0	0	0	0	0	0	0	0	0	0	0	0	0	0	0	0	0	0	0	0	0	0	0	0	0	0	0	0	0	0	0	1	0	1
south downs national park	302	0		planning_only	south downs	1	False	0	0	0	0	0	0	1	8	6	9	16	52	34	39	40	47	50	0	0	0	0	0	0	0	0	0	0	0	0	0	0	0	0	0	0
yorkshire dales national park	203	0		planning_only	yorkshire dales	1	False	0	0	0	0	0	0	8	6	4	10	8	19	24	28	31	35	30	0	0	0	0	0	0	0	0	0	0	0	0	0	0	0	0	0	0
guernsey	191	0		planning_only_no_mcs_match	guernsey	1	False	0	0	0	0	0	0	18	12	15	16	14	18	24	16	15	20	23	0	0	0	0	0	0	0	0	0	0	0	0	0	0	0	0	0	0
lake district national park	153	0		planning_only	lake district	1	False	0	0	0	0	0	0	3	3	6	9	7	15	26	23	20	18	23	0	0	0	0	0	0	0	0	0	0	0	0	0	0	0	0	0	0
isle of man	126	0		planning_only_no_mcs_match	isle of man	1	False	0	0	0	0	0	0	0	3	4	2	30	18	10	24	13	11	11	0	0	0	0	0	0	0	0	0	0	0	0	0	0	0	0	0	0
peak district national park	109	0		planning_only	peak district	1	False	0	0	0	0	0	0	2	1	0	7	8	9	19	13	13	17	20	0	0	0	0	0	0	0	0	0	0	0	0	0	0	0	0	0	0
snowdonia national park	82	0		planning_only	snowdonia	1	False	0	0	0	0	0	0	1	0	1	6	2	2	3	6	8	27	26	0	0	0	0	0	0	0	0	0	0	0	0	0	0	0	0	0	0
the cairngorms national park	79	0		planning_only	cairngorms	1	False	0	0	0	0	0	0	2	4	3	1	8	3	14	5	12	19	8	0	0	0	0	0	0	0	0	0	0	0	0	0	0	0	0	0	0
north york moors national park	74	0		planning_only	north york moors	1	False	0	0	0	0	0	0	5	2	2	0	4	9	13	8	8	9	14	0	0	0	0	0	0	0	0	0	0	0	0	0	0	0	0	0	0
new forest national park	73	0		planning_only	new forest (park)	1	False	0	0	0	0	0	0	3	0	2	0	1	5	11	7	9	21	14	0	0	0	0	0	0	0	0	0	0	0	0	0	0	0	0	0	0
dartmoor national park	63	0		planning_only	dartmoor	1	False	0	0	0	0	0	0	1	5	0	0	5	8	6	6	10	10	12	0	0	0	0	0	0	0	0	0	0	0	0	0	0	0	0	0	0
jersey	59	0		planning_only_no_mcs_match	jersey	1	False	0	0	0	0	0	0	3	1	2	5	2	6	5	5	8	14	8	0	0	0	0	0	0	0	0	0	0	0	0	0	0	0	0	0	0
essex	49	0		planning_only_no_mcs_match	essex	1	False	0	0	0	0	0	0	0	0	0	0	1	0	1	9	4	7	27	0	0	0	0	0	0	0	0	0	0	0	0	0	0	0	0	0	0
brecon beacons national park	36	0		planning_only	brecon beacons	1	False	0	0	0	0	0	0	0	1	1	3	2	4	2	3	4	7	9	0	0	0	0	0	0	0	0	0	0	0	0	0	0	0	0	0	0
exmoor national park	36	0		planning_only	exmoor	1	False	0	0	0	0	0	0	0	0	2	2	2	1	12	11	1	2	3	0	0	0	0	0	0	0	0	0	0	0	0	0	0	0	0	0	0
pembrokeshire coast national park	34	0		planning_only	pembroke coast	1	False	0	0	0	0	0	0	1	0	0	0	1	1	4	3	2	10	12	0	0	0	0	0	0	0	0	0	0	0	0	0	0	0	0	0	0
city of london	29	0		planning_only	city	1	False	0	0	0	0	0	0	0	0	1	0	2	2	2	1	7	5	9	0	0	0	0	0	0	0	0	0	0	0	0	0	0	0	0	0	0
the loch lomond and the trossachs national park	27	0		planning_only	loch lomond	1	False	0	0	0	0	0	0	8	2	0	1	1	0	3	1	6	5	0	0	0	0	0	0	0	0	0	0	0	0	0	0	0	0	0	0	0
cambridgeshire	20	0		planning_only_no_mcs_match	cambridgeshire	1	False	0	0	0	0	0	0	0	0	0	0	0	4	6	3	2	3	2	0	0	0	0	0	0	0	0	0	0	0	0	0	0	0	0	0	0
the broads authority	12	0		planning_only	broads	1	False	0	0	0	0	0	0	0	0	0	2	0	1	3	1	3	0	2	0	0	0	0	0	0	0	0	0	0	0	0	0	0	0	0	0	0
northumberland national park	9	0		planning_only	northumberland (park)	1	False	0	0	0	0	0	0	0	0	0	0	0	3	0	3	1	0	2	0	0	0	0	0	0	0	0	0	0	0	0	0	0	0	0	0	0
norfolk	8	0		planning_only_no_mcs_match	norfolk	1	False	0	0	0	0	0	0	0	1	0	0	0	0	0	1	0	4	2	0	0	0	0	0	0	0	0	0	0	0	0	0	0	0	0	0	0
east sussex	6	0		planning_only_no_mcs_match	east sussex	1	False	0	0	0	0	0	0	1	0	0	0	0	0	1	0	3	1	0	0	0	0	0	0	0	0	0	0	0	0	0	0	0	0	0	0	0
kent	4	0		planning_only_no_mcs_match	kent	1	False	0	0	0	0	0	0	1	0	1	0	0	0	1	1	0	0	0	0	0	0	0	0	0	0	0	0	0	0	0	0	0	0	0	0	0
london legacy development corporation	4	0		planning_only	london legacy	1	False	0	0	0	0	0	0	0	0	0	0	0	0	1	0	1	2	0	0	0	0	0	0	0	0	0	0	0	0	0	0	0	0	0	0	0
suffolk	4	0		planning_only_no_mcs_match	suffolk	1	False	0	0	0	0	0	0	0	1	0	0	0	0	1	1	1	0	0	0	0	0	0	0	0	0	0	0	0	0	0	0	0	0	0	0	0
west sussex	4	0		planning_only_no_mcs_match	west sussex	1	False	0	0	0	0	0	0	0	0	0	0	0	0	0	0	4	0	0	0	0	0	0	0	0	0	0	0	0	0	0	0	0	0	0	0	0
derbyshire	3	0		planning_only_no_mcs_match	derbyshire	1	False	0	0	0	0	0	0	0	0	0	0	0	0	0	0	0	0	3	0	0	0	0	0	0	0	0	0	0	0	0	0	0	0	0	0	0
leicestershire	3	0		planning_only_no_mcs_match	leicestershire	1	False	0	0	0	0	0	0	0	0	0	0	0	0	0	1	1	1	0	0	0	0	0	0	0	0	0	0	0	0	0	0	0	0	0	0	0
devon	2	0		planning_only_no_mcs_match	devon	1	False	0	0	0	0	0	0	0	0	0	0	0	0	2	0	0	0	0	0	0	0	0	0	0	0	0	0	0	0	0	0	0	0	0	0	0
nottinghamshire	2	0		planning_only_no_mcs_match	nottinghamshire	1	False	0	0	0	0	0	0	0	0	0	0	0	0	0	1	0	1	0	0	0	0	0	0	0	0	0	0	0	0	0	0	0	0	0	0	0
old oak and park royal development corporation	2	0		planning_only	old oak park royal	1	False	0	0	0	0	0	0	0	0	0	0	0	0	0	0	1	0	1	0	0	0	0	0	0	0	0	0	0	0	0	0	0	0	0	0	0
staffordshire	2	0		planning_only_no_mcs_match	staffordshire	1	False	0	0	0	0	0	0	0	0	0	0	0	0	0	1	1	0	0	0	0	0	0	0	0	0	0	0	0	0	0	0	0	0	0	0	0
gloucestershire	1	0		planning_only_no_mcs_match	gloucestershire	1	False	0	0	0	0	0	0	1	0	0	0	0	0	0	0	0	0	0	0	0	0	0	0	0	0	0	0	0	0	0	0	0	0	0	0	0
hertfordshire	1	0		planning_only_no_mcs_match	hertfordshire	1	False	0	0	0	0	0	0	0	0	0	0	0	0	0	0	0	0	1	0	0	0	0	0	0	0	0	0	0	0	0	0	0	0	0	0	0
lancashire	1	0		planning_only_no_mcs_match	lancashire	1	False	0	0	0	0	0	0	0	0	0	0	0	0	0	1	0	0	0	0	0	0	0	0	0	0	0	0	0	0	0	0	0	0	0	0	0
lincolnshire	1	0		planning_only_no_mcs_match	lincolnshire	1	False	0	0	0	0	0	0	0	0	0	0	0	0	0	0	0	1	0	0	0	0	0	0	0	0	0	0	0	0	0	0	0	0	0	0	0
oxfordshire	1	0		planning_only_no_mcs_match	oxfordshire	1	False	0	0	0	0	0	0	0	0	0	0	0	0	0	0	0	1	0	0	0	0	0	0	0	0	0	0	0	0	0	0	0	0	0	0	0
warwickshire	1	0		planning_only_no_mcs_match	warwickshire	1	False	0	0	0	0	0	0	0	0	0	0	0	0	0	0	0	0	1	0	0	0	0	0	0	0	0	0	0	0	0	0	0	0	0	0	0
