areaONSCode,areaName,installationCount,installationPercentage,offGasGridPercentage,areaTypeAverageOffGasGridPercentage,fuelPovertyPercentage,areaTypeAverageFuelPovertyPercentage,urbanPercentage,areaTypeAverageUrbanPercentage,gdhi,areaTypeAverageGDHI
E06000001,Hartlepool,406,0.99,3.74,14.14,13.72,12.21,96.81,81.02,17799.29,22184.71
E06000002,Middlesbrough,336,0.56,4.84,14.11,15.36,12,99.32,81.02,16743.97,22067.7
E06000003,Redcar and Cleveland,501,0.81,5.52,14.09,13.27,11.93,68.32,81.02,16667.53,22012.11
E06000004,Stockton-on-Tees,451,0.54,4.56,14.08,11.15,11.85,96.12,81.02,17665.83,21985.67
E06000005,Darlington,322,0.66,6.61,14.07,12.46,11.77,87.78,81.02,17755.16,21966.37
E06000006,Halton,198,0.35,4.39,14.15,12.35,12.33,97.55,81.02,17924.72,22206.84
E06000007,Warrington,552,0.61,5.03,14.09,10.19,11.84,88.62,81.02,21073.38,22013.56
E06000008,Blackburn with Darwen,1115,1.9,4.55,14.14,17.77,12.18,94.75,81.02,14771.8,22181.69
E06000009,Blackpool,225,0.35,11.13,14.15,19.47,12.32,99.8,81.02,16890.72,22211.92
E06000010,"Kingston upon Hull, City of",352,0.3,6.56,14.1,17.26,12.01,100,81.02,14968.72,22054.11
E06000011,East Riding of Yorkshire,3316,2.18,11.9,14.02,11.75,11.49,56.73,81.02,20353.38,21823.09
E06000012,North East Lincolnshire,568,0.81,5.05,14.09,15.68,11.87,90.54,81.02,17062.87,22015.59
E06000013,North Lincolnshire,1244,1.7,9.06,14.02,12.59,11.43,55.14,81.02,16905.33,21813.07
E06000014,York,1004,1.17,12.19,14.05,11.28,11.64,83.67,81.02,19966.7,21896.68
E06000015,Derby,579,0.55,5.59,14.12,14.78,12.15,100,81.02,16903.96,22108.84
E06000016,Leicester,491,0.39,14.53,14.09,17.58,11.86,99.79,81.02,13958.59,22024.53
E06000017,Rutland,353,2.11,19.18,14.06,12.05,11.74,30.17,81.02,19181.08,21942.93
E06000018,Nottingham,594,0.48,16.02,14.09,16.81,11.9,100,81.02,13698.91,22022.03
E06000019,"Herefordshire, County of",2846,3.44,27.16,14.02,15.71,11.46,44.06,81.02,20579.42,21818.07
E06000020,Telford and Wrekin,528,0.69,5.21,14.06,12.62,11.65,92.82,81.02,17380.77,21916.07
E06000021,Stoke-on-Trent,314,0.28,5.62,14.15,21.72,12.29,99.65,81.02,15764.11,22215.44
E06000022,Bath and North East Somerset,975,1.23,15.51,14.04,10.62,11.59,78.73,81.02,22143.82,21879.53
E06000023,"Bristol, City of",1811,0.95,14.86,14.11,12.12,12.02,100,81.02,20319.67,22086.15
E06000024,North Somerset,1168,1.23,13.07,14.04,8.97,11.6,81.84,81.02,22139.56,21884.17
E06000025,South Gloucestershire,1487,1.26,11.76,14.03,7.55,11.54,86.45,81.02,22172.29,21848.49
E06000026,Plymouth,295,0.26,8.58,14.1,12.58,11.96,100,81.02,17639.25,22058.07
E06000027,Torbay,270,0.43,16.78,14.13,13.25,12.1,99.36,81.02,18695.27,22131.79
E06000030,Swindon,454,0.47,10,14.12,8.68,12.05,88.78,81.02,20380.57,22104.15
E06000031,Peterborough,555,0.66,9.36,14.04,11.47,11.6,88.39,81.02,18316,21883
E06000032,Luton,316,0.4,13.01,14.16,16.18,12.33,100,81.02,17316.48,22229.32
E06000033,Southend-on-Sea,213,0.27,9.98,14.09,13.16,11.84,100,81.02,21133.58,22021.84
E06000034,Thurrock,396,0.6,13.19,14.1,10.6,11.99,86.97,81.02,19848.28,22063.96
E06000035,Medway,303,0.27,7.38,14.1,9.31,11.96,88.98,81.02,19679.16,22051.96
E06000036,Bracknell Forest,342,0.68,10.69,14.07,5.19,11.73,97.57,81.02,26760.81,21973.72
E06000037,West Berkshire,2131,3.19,22.72,14.01,6.61,11.39,62.45,81.02,26257.33,21789.81
E06000038,Reading,510,0.75,18.94,14.11,9.37,12.02,99.6,81.02,27041.51,22076.25
E06000039,Slough,140,0.27,15.67,14.15,9.36,12.24,100,81.02,27399,22206.84
E06000040,Windsor and Maidenhead,648,1.06,14.21,14.05,6.57,11.65,88.67,81.02,26570.65,21904.26
E06000041,Wokingham,720,1.04,8.01,14.05,5.3,11.64,81.33,81.02,26578.86,21907.26
E06000042,Milton Keynes,823,0.73,9.17,14.06,6.15,11.7,90.48,81.02,22101.93,21924.74
E06000043,Brighton and Hove,768,0.63,15.34,14.11,11.46,12,99.57,81.02,22669.23,22073.19
E06000044,Portsmouth,215,0.25,14.44,14.15,11.71,12.23,100,81.02,17207,22202
E06000045,Southampton,481,0.47,25.03,14.1,10.44,11.98,100,81.02,17400.66,22065.55
E06000046,Isle of Wight,1002,1.55,14.2,14.03,11.2,11.53,66.09,81.02,18761.61,21848.49
E06000047,County Durham,2918,1.24,6.11,14.01,12.03,11.38,53.3,81.02,16667.63,21786.26
E06000049,Cheshire East,2433,1.39,10.01,14.02,10.65,11.47,80.72,81.02,24845.5,21820.88
E06000050,Cheshire West and Chester,1577,1.02,10.79,14.03,11.24,11.52,72.59,81.02,22075.36,21840.63
E06000051,Shropshire,4719,3.38,21.17,14.01,14.72,11.41,43.39,81.02,20728.23,21787.14
E06000052,Cornwall,12309,4.91,30.95,14.03,13.08,11.51,38.11,81.02,20890.05,21837.35
E06000053,Isles of Scilly,27,3,100,14.13,17.11,12.11,0,81.02,22380.73,22147
E06000054,Wiltshire,5612,2.61,19.47,14.03,9.27,11.5,52.69,81.02,22753.95,21837.85
E06000055,Bedford,914,1.22,13.16,14.03,11.37,11.54,69.86,81.02,22140.15,21854.06
E06000056,Central Bedfordshire,1523,1.26,9.85,14.02,9.24,11.45,60,81.02,22124.11,21815.78
E06000057,Northumberland,3363,2.29,10.43,14.01,11.62,11.4,53.46,81.02,20368.24,21792.9
E06000058,"Bournemouth, Christchurch and Poole",1045,0.6,13.8,14.06,10.8,13.14,99.68,81.02,22701.37,21917.79
E06000059,Dorset,3924,2.32,19.94,14.03,10.24,13.26,53.47,81.02,22711.25,21827.63
E06000060,Buckinghamshire,3495,1.59,13.74,14.02,6.94,13.26,65.42,81.02,29322.8,21814.8
E06000061,North Northamptonshire,1591,1.07,8.11,14.02,12.67,13.23,68.34,81.02,19922.84,21823.04
E06000062,West Northamptonshire,2873,1.66,12.06,14.01,11.74,13.34,66.97,81.02,22018.82,21763.59
E06000063,Cumberland,1818,1.74,12.15,14.02,14.61,12.5,,,,
E06000064,Westmorland and Furness,2818,2.83,17.75,14.02,14.8,12.5,,,,
E06000065,North Yorkshire,8725,3.24,18.1,14.02,15.48,12.5,,,,
E06000066,Somerset,6810,2.77,22.99,14.02,12.3,12.5,,,,
E07000008,Cambridge,597,1.14,18.28,14.1,10.67,11.96,99.73,81.02,25688.8,22043
E07000009,East Cambridgeshire,1204,3.24,23.96,14.04,11.29,11.52,26.42,81.02,25069.69,21855.83
E07000010,Fenland,1596,3.62,13.6,14.02,12.24,11.47,77.59,81.02,24942.7,21817.45
E07000011,Huntingdonshire,1321,1.72,11.67,14.03,9.28,11.49,45.44,81.02,25014,21839
E07000012,South Cambridgeshire,2777,4.14,18.12,14.02,9.47,11.44,23.47,81.02,24916.97,21809.67
E07000032,Amber Valley,634,1.13,5.92,14.07,12.77,11.8,80.25,81.02,19699.29,21957.83
E07000033,Bolsover,369,1.05,4.2,14.11,14.62,12.1,53.25,81.02,18601.5,22081
E07000034,Chesterfield,304,0.63,3.67,14.09,13.4,11.94,98.32,81.02,18465.96,22028.39
E07000035,Derbyshire Dales,1020,3.16,15.75,14.04,14.18,11.54,21.29,81.02,19778.77,21861.17
E07000036,Erewash,433,0.86,4.21,14.07,12.2,11.76,98.14,81.02,19707.53,21947.81
E07000037,High Peak,388,0.95,7.5,14.08,12.62,11.89,67.97,81.02,19666.23,21998.03
E07000038,North East Derbyshire,497,1.08,4.84,14.06,12.04,11.7,79.88,81.02,18216.5,21931.57
E07000039,South Derbyshire,651,1.44,9.12,14.05,10.78,11.61,54.92,81.02,19757.82,21886.65
E07000040,East Devon,1662,2.49,23.18,14.03,10.71,11.49,44.32,81.02,21142.49,21834.42
E07000041,Exeter,305,0.58,17.47,14.12,11.36,12.07,99.74,81.02,21531.22,22107.89
E07000042,Mid Devon,1396,3.92,30.94,14.05,12.35,11.62,25.2,81.02,21222.71,21890.86
E07000043,North Devon,1309,3.03,16.88,14.04,12.91,11.59,45.54,81.02,21191.7,21869.04
E07000044,South Hams,1784,4.54,35.04,14.02,11.7,11.44,19.23,81.02,21106,21808.75
E07000045,Teignbridge,1151,1.92,19.33,14.03,10.71,11.52,53.94,81.02,21151.41,21840.7
E07000046,Torridge,1253,4.11,25.22,14.04,13.48,11.59,46.01,81.02,21206.13,21879.19
E07000047,West Devon,917,3.7,35.7,14.01,13.04,11.38,23.43,81.02,21079.2,21789.9
E07000061,Eastbourne,105,0.23,15.37,14.15,9.91,12.23,100,81.02,24330.88,22202
E07000062,Hastings,125,0.31,12.63,14.12,13.36,12.07,100,81.02,24196.85,22123.71
E07000063,Lewes,1018,2.33,13.76,14.03,8.4,11.47,77.64,81.02,23697.94,21832.25
E07000064,Rother,751,1.78,23.81,14.04,10.73,11.55,49.21,81.02,23740.47,21857.09
E07000065,Wealden,1791,2.62,21.45,14.02,8.67,11.44,55.25,81.02,23674.14,21818.34
E07000066,Basildon,269,0.35,9.96,14.08,9.32,11.9,99.29,81.02,22423.63,22003.77
E07000067,Braintree,757,1.16,18.8,14.05,10.92,11.6,60.89,81.02,19659.22,21885.21
E07000068,Brentwood,199,0.62,9.55,14.1,9.32,11.98,71.43,81.02,23613.89,22057.07
E07000069,Castle Point,120,0.32,8.6,14.08,10.05,11.85,100,81.02,22412.61,21996.14
E07000070,Chelmsford,897,1.19,16.51,14.02,8.6,11.46,80.81,81.02,24332.59,21821.07
E07000071,Colchester,924,1.16,16.97,14.03,10.59,11.56,71.06,81.02,19695.01,21849.85
E07000072,Epping Forest,586,1.07,14.45,14.04,9.69,11.55,72.79,81.02,26847.12,21868.63
E07000073,Harlow,72,0.19,6.89,14.11,9.74,11.93,100,81.02,27164.7,22070.48
E07000074,Maldon,1050,3.76,23.12,14.06,11.67,11.68,34.16,81.02,24038.76,21917.55
E07000075,Rochford,136,0.38,9.25,14.11,9.18,12.03,86.04,81.02,22535.25,22081
E07000076,Tendring,1556,2.31,17.33,14.04,13.97,11.53,65.12,81.02,19690.19,21854.61
E07000077,Uttlesford,1064,2.88,21.88,14.03,10.57,11.52,19.92,81.02,26816.3,21849.04
E07000078,Cheltenham,360,0.68,10.18,14.1,9.77,11.93,99.75,81.02,21518.83,22054.56
E07000079,Cotswold,1414,3.48,25.98,14.03,10.82,11.48,20.2,81.02,21858.34,21824.9
E07000080,Forest of Dean,1869,5.02,31.6,14.02,12.75,11.46,33.46,81.02,21881.01,21809.57
E07000081,Gloucester,239,0.43,9.52,14.14,10.05,12.18,100,81.02,21360.5,22161.67
E07000082,Stroud,1681,3.21,15.95,14.03,9.99,11.45,71.07,81.02,21857.94,21825.17
E07000083,Tewkesbury,574,1.4,12.66,14.05,8.02,11.6,69.29,81.02,21754.3,21895.28
E07000084,Basingstoke and Deane,1345,1.76,12.77,14.02,6.19,11.44,73.38,81.02,23576.87,21815.58
E07000085,East Hampshire,1077,2.04,15.8,14.03,7.05,11.48,64.05,81.02,27196.17,21829.8
E07000086,Eastleigh,309,0.54,7.32,14.09,6.06,11.9,90.07,81.02,20880.66,22025.89
E07000087,Fareham,326,0.67,7.14,14.11,5.96,12.03,99.16,81.02,20862.15,22078.45
E07000088,Gosport,361,1.01,13.54,14.15,8.08,12.27,99.63,81.02,20815.13,22211.92
E07000089,Hart,410,1.03,9.31,14.06,5.58,11.69,69.15,81.02,23110.4,21935.8
E07000090,Havant,296,0.55,6.9,14.12,7.7,12.03,98.19,81.02,20854.39,22100.47
E07000091,New Forest,1141,1.47,13.54,14.03,7.76,11.48,71.28,81.02,27213.5,21839
E07000092,Rushmoor,152,0.39,10.93,14.15,6.63,12.22,99.67,81.02,22087.49,22199.43
E07000093,Test Valley,1357,2.48,16.3,14.03,7.04,11.53,61.89,81.02,27241.33,21853.78
E07000094,Winchester,1466,2.84,14.06,14.01,7.85,11.36,42.31,81.02,27115.96,21787.21
E07000095,Broxbourne,128,0.32,11.36,14.14,9.2,12.21,99.66,81.02,21106.17,22161.67
E07000096,Dacorum,669,1.06,9.35,14.04,8.91,11.5,85.87,81.02,23327.93,21861.25
E07000098,Hertsmere,214,0.5,8.96,14.1,9.77,11.93,84.47,81.02,21879.76,22057.07
E07000099,North Hertfordshire,904,1.59,16.54,14.05,9.58,11.63,81.1,81.02,23102.65,21891.71
E07000102,Three Rivers,230,0.62,8.46,14.09,9.48,11.84,94.58,81.02,22177.58,22016.8
E07000103,Watford,84,0.21,13.81,14.18,12.54,12.46,100,81.02,20238.41,22279
E07000105,Ashford,971,1.81,17.26,14.04,8.51,11.55,60.53,81.02,22641.94,21862.25
E07000106,Canterbury,576,0.9,13.1,14.07,10.17,11.72,82.17,81.02,19467.81,21947.9
E07000107,Dartford,182,0.4,8.55,14.12,7.44,12.02,88.5,81.02,20593.38,22100.84
E07000108,Dover,492,0.97,11.68,14.09,10.99,11.84,65.64,81.02,19477,22009.23
E07000109,Gravesham,289,0.69,8.73,14.08,9.7,11.73,80.7,81.02,20594.16,21975.27
E07000110,Maidstone,792,1.11,13.18,14.04,8.01,11.57,71.22,81.02,22657.85,21880.35
E07000111,Sevenoaks,905,1.85,16.84,14.05,7.73,11.66,54.52,81.02,27949.72,21891.26
E07000112,Folkestone and Hythe,502,1.04,13.96,14.06,10.81,11.68,61.03,81.02,19464.24,21924.07
E07000113,Swale,480,0.79,11.97,14.06,9.5,11.72,76.33,81.02,20594.47,21925.19
E07000114,Thanet,319,0.51,9.85,14.15,12.76,12.32,92.95,81.02,19505.88,22202
E07000115,Tonbridge and Malling,603,1.13,10.94,14.06,7.31,11.7,65.15,81.02,27973.04,21933.7
E07000116,Tunbridge Wells,763,1.58,15.69,14.04,8.95,11.59,60.17,81.02,27945.63,21883.81
E07000117,Burnley,158,0.4,3.43,14.14,18.47,12.2,94.92,81.02,17654.48,22164.07
E07000118,Chorley,462,0.92,5.73,14.04,10.6,11.53,70.25,81.02,20026.49,21865.72
E07000119,Fylde,273,0.73,11.85,14.07,11.4,11.74,79.55,81.02,19629.49,21963.46
E07000120,Hyndburn,169,0.49,3.11,14.12,17.27,12.07,89.96,81.02,17551.36,22106.47
E07000121,Lancaster,507,0.85,13.87,14.06,14.71,11.71,72.73,81.02,18979.87,21933.36
E07000122,Pendle,874,2.29,4.32,14.12,18.78,12.05,85.37,81.02,17567.64,22115.57
E07000123,Preston,395,0.66,10.51,14.08,14.67,11.82,93.91,81.02,19621.66,21993.88
E07000124,Ribble Valley,497,1.86,9.19,14.04,12.15,11.56,32.49,81.02,19655.57,21862.05
E07000125,Rossendale,569,1.86,4.65,14.13,14.55,12.11,95.02,81.02,17589.91,22128.01
E07000126,South Ribble,304,0.63,4.88,14.06,9.77,11.67,98.35,81.02,19638.29,21929.24
E07000127,West Lancashire,600,1.24,11.88,14.07,12.5,11.75,61.97,81.02,20104.07,21952.14
E07000128,Wyre,379,0.75,9.89,14.06,12.44,11.66,72.39,81.02,18957.35,21924.41
E07000129,Blaby,367,0.86,3.93,14.09,8.96,11.84,80.41,81.02,19108.4,22017.77
E07000130,Charnwood,505,0.68,4.63,14.08,10.88,11.81,85.28,81.02,19148.16,21976.83
E07000131,Harborough,901,2.23,12.13,14.03,9.58,11.52,32.23,81.02,19273.68,21847.57
E07000132,Hinckley and Bosworth,543,1.1,8.79,14.06,10.04,11.71,67.52,81.02,19199.94,21923.51
E07000133,Melton,437,1.93,15.76,14.07,11.9,11.76,54.22,81.02,19165.25,21959.23
E07000134,North West Leicestershire,1253,2.78,9.11,14.07,11.46,11.8,54.36,81.02,19170.34,21953.98
E07000135,Oadby and Wigston,89,0.39,3.18,14.13,9.97,12.09,100,81.02,18989.36,22140.36
E07000136,Boston,920,3.13,15.72,14.06,13.59,11.69,65.33,81.02,19189.19,21932.84
E07000137,East Lindsey,2971,4.58,26.63,14.01,15.16,11.39,38.6,81.02,19003.96,21788.82
E07000138,Lincoln,247,0.58,9.66,14.12,14.63,12.1,100,81.02,19412.86,22106.74
E07000139,North Kesteven,1843,3.61,16.28,14.04,10.96,11.57,35.1,81.02,19106.3,21868.39
E07000140,South Holland,1466,3.6,24.66,14.03,12.34,11.46,34.77,81.02,19050.88,21825.3
E07000141,South Kesteven,1509,2.4,12.26,14.03,11.04,11.5,68.49,81.02,19071.08,21841.01
E07000142,West Lindsey,1463,3.46,21.7,14.03,13.6,11.51,23.91,81.02,19065.78,21836.89
E07000143,Breckland,2564,4.25,21.98,14.01,12.58,11.37,42.2,81.02,19796.04,21785.58
E07000144,Broadland,1395,2.41,14.13,14.02,10.48,11.42,52.26,81.02,17523.67,21802.61
E07000145,Great Yarmouth,777,1.75,14.73,14.03,15.12,11.51,64.67,81.02,17490.23,21841.64
E07000146,King's Lynn and West Norfolk,2812,4.17,23.61,14.01,13.79,11.37,39.75,81.02,19839.24,21780.92
E07000147,North Norfolk,2233,4.61,31.58,14.01,14.77,11.39,11.23,81.02,19856.64,21789.36
E07000148,Norwich,328,0.51,11.99,14.07,13.98,11.74,100,81.02,17398.71,21948.52
E07000149,South Norfolk,2681,4.37,25.9,14.02,11.74,11.43,32.14,81.02,19812.82,21798.03
E07000170,Ashfield,422,0.77,3.7,14.08,12.98,11.81,99.48,81.02,19440.09,21985.33
E07000171,Bassetlaw,1631,3.17,12.86,14.02,12.69,11.39,57.71,81.02,18882.25,21794.65
E07000172,Broxtowe,314,0.65,4.35,14.12,11.61,12.1,99.46,81.02,22582.07,22102.56
E07000173,Gedling,528,1.02,6.25,14.09,10.85,11.89,81.35,81.02,22295.62,22009.42
E07000174,Mansfield,414,0.86,3.1,14.09,13.35,11.91,87.36,81.02,19515.21,22011
E07000175,Newark and Sherwood,1222,2.29,8.51,14.03,12.44,11.55,41.82,81.02,19053.47,21853.18
E07000176,Rushcliffe,681,1.36,8.23,14.05,9.76,11.62,42.98,81.02,21933.61,21891.71
E07000177,Cherwell,1214,1.84,17.86,14.02,7.33,11.38,70.54,81.02,25806.91,21795
E07000178,Oxford,539,0.98,17.54,14.12,10.09,12.03,98.62,81.02,26325.73,22105.2
E07000179,South Oxfordshire,1722,2.8,17.44,14.03,7.42,11.49,49.65,81.02,25877.85,21837.41
E07000180,Vale of White Horse,1420,2.47,15.97,14.02,6.93,11.41,59.8,81.02,25816.35,21800.65
E07000181,West Oxfordshire,1682,3.5,17.98,14.02,7.5,11.46,41.55,81.02,25852.39,21822.19
E07000192,Cannock Chase,132,0.3,5.34,14.15,14.9,12.22,89,81.02,18123.78,22188.97
E07000193,East Staffordshire,812,1.58,12.47,14.06,15.11,11.68,77.01,81.02,18559.18,21916
E07000194,Lichfield,443,0.97,9.01,14.06,11.52,11.69,70.46,81.02,18552.47,21920.21
E07000195,Newcastle-under-Lyme,436,0.82,8.59,14.07,15.34,11.78,81.69,81.02,18483.49,21963.46
E07000196,South Staffordshire,438,0.95,10.54,14.04,11.6,11.58,61.76,81.02,18611.82,21883
E07000197,Stafford,978,1.63,14.38,14.02,12.38,11.45,69.72,81.02,18714.99,21818.32
E07000198,Staffordshire Moorlands,669,1.58,12.96,14.05,14.9,11.61,68.22,81.02,18609.3,21884.58
E07000199,Tamworth,84,0.26,6.11,14.18,13.38,12.44,100,81.02,17974.33,22282.67
E07000200,Babergh,1588,3.95,21.7,14.03,12.57,11.51,29.22,81.02,20453.15,21833.35
E07000202,Ipswich,317,0.53,14.41,14.11,13.88,12.02,100,81.02,20489.81,22076.43
E07000203,Mid Suffolk,1961,4.43,26.66,14.01,11.89,11.39,25.74,81.02,20447.01,21792.68
E07000207,Elmbridge,384,0.69,9.68,14.08,8,11.84,97.78,81.02,29661.44,22002.65
E07000208,Epsom and Ewell,236,0.75,8.72,14.09,7.24,11.85,96.51,81.02,29550.22,22033.86
E07000209,Guildford,1118,2,12.34,14.04,7.52,11.54,73.56,81.02,29900.41,21860.21
E07000210,Mole Valley,542,1.46,13.34,14.05,7.31,11.61,73.65,81.02,29636.98,21893.89
E07000211,Reigate and Banstead,399,0.67,8.58,14.08,6.52,11.77,94.97,81.02,29575.65,21992.83
E07000212,Runnymede,299,0.86,15.88,14.04,6.76,11.56,97.7,81.02,29883.42,21870.34
E07000213,Spelthorne,159,0.38,11.25,14.07,6.42,11.73,98.4,81.02,29712.7,21972.1
E07000214,Surrey Heath,200,0.56,7.79,14.11,5.81,12.01,82.71,81.02,29514.58,22090.19
E07000215,Tandridge,494,1.39,12.85,14.05,7.1,11.64,62.83,81.02,29636.45,21894.73
E07000216,Waverley,982,1.87,12.11,14.03,7.5,11.5,72.09,81.02,29916.03,21850.9
E07000217,Woking,414,1,16.35,14.09,6.42,11.91,97.73,81.02,29642.59,22013.89
E07000218,North Warwickshire,233,0.84,12.19,14.11,14.88,12.08,24.76,81.02,24646.84,22085.75
E07000219,Nuneaton and Bedworth,254,0.45,6.24,14.13,14.77,12.13,100,81.02,24753.97,22143.23
E07000220,Rugby,449,0.96,9.71,14.04,12.01,11.58,75.46,81.02,24268.02,21882.47
E07000221,Stratford-on-Avon,1871,3.14,21.19,14.02,12.62,11.48,22.84,81.02,24154.98,21821.82
E07000222,Warwick,641,1.02,14.83,14.03,11.27,11.55,86.74,81.02,24211.6,21852.2
E07000223,Adur,230,0.83,8.91,14.14,8.12,12.15,99.05,81.02,22035.34,22159.39
E07000224,Arun,443,0.61,12.04,14.07,8.18,11.72,83.62,81.02,22358.87,21949.63
E07000225,Chichester,1395,2.58,21.68,14.02,9.42,11.46,45.93,81.02,22555.73,21821.99
E07000226,Crawley,102,0.22,7.83,14.14,6.62,12.17,99.7,81.02,26383.41,22175.7
E07000227,Horsham,1037,1.66,17.88,14.02,7.13,11.47,40.48,81.02,25692.29,21815.43
E07000228,Mid Sussex,836,1.32,12.76,14.04,6.76,11.6,81.94,81.02,25818.95,21881.46
E07000229,Worthing,193,0.39,13.95,14.12,8.83,12.05,100,81.02,22112.62,22109.29
E07000234,Bromsgrove,343,0.83,8.72,14.06,10.94,11.68,78.79,81.02,20334.54,21917.95
E07000235,Malvern Hills,1012,2.9,24.6,14.02,15.02,11.46,47.22,81.02,20528.17,21821.78
E07000236,Redditch,116,0.32,4.59,14.13,12.62,12.15,97.34,81.02,19902.89,22132.33
E07000237,Worcester,401,0.9,9.78,14.13,14,12.09,99.69,81.02,19903.67,22131.95
E07000238,Wychavon,1103,1.92,19,14.03,12.88,11.51,42.46,81.02,20489.62,21840.93
E07000239,Wyre Forest,261,0.58,12.53,14.07,14.23,11.73,79.15,81.02,20244.21,21962.81
E07000240,St Albans,503,0.85,8.67,14.09,8.82,11.89,90.47,81.02,22153.6,22020.04
E07000241,Welwyn Hatfield,271,0.59,10.09,14.08,9.98,11.8,87.75,81.02,22299.33,22000.33
E07000242,East Hertfordshire,919,1.48,16.56,14.03,8.63,11.5,70.78,81.02,23508.27,21836.87
E07000243,Stevenage,128,0.35,9.56,14.13,9.35,12.14,100,81.02,21319.23,22132.86
E07000244,East Suffolk,2790,2.52,17.78,14.02,14.67,13.3,62.06,81.02,20447.4,21795.25
E07000245,West Suffolk,1885,2.4,20.87,14.03,12.99,13.24,59.03,81.02,20454.86,21844.69
E08000001,Bolton,628,0.53,6.24,14.08,14.23,11.82,98.99,81.02,16873.65,22003.21
E08000002,Bury,440,0.55,5.21,14.1,12.56,11.92,97.35,81.02,16506.16,22042.55
E08000003,Manchester,2472,1.15,20.29,14.08,17.36,11.78,99.93,81.02,15534.95,21993
E08000004,Oldham,271,0.29,5.11,14.1,14.79,11.93,98.6,81.02,16507.94,22050.75
E08000005,Rochdale,301,0.33,4.73,14.1,14.76,11.96,98.53,81.02,16508.44,22053.08
E08000006,Salford,735,0.64,19.61,14.15,13.09,12.3,99.75,81.02,23674.87,22189.13
E08000007,Stockport,615,0.49,7.46,14.11,11.62,12.04,99.48,81.02,18168.08,22075.7
E08000008,Tameside,228,0.23,4.47,14.09,13.15,11.91,99.59,81.02,18238.24,22033.6
E08000009,Trafford,432,0.45,8.62,14.12,11.58,12.11,99.59,81.02,23453.64,22114.93
E08000010,Wigan,786,0.55,4.07,14.05,12.38,11.56,96.15,81.02,16821.73,21889.77
E08000011,Knowsley,220,0.33,4.22,14.14,12.96,12.19,99.19,81.02,17870.75,22168.68
E08000012,Liverpool,583,0.28,13.46,14.14,17.64,12.21,100,81.02,16033.84,22169
E08000013,St. Helens,231,0.29,3.3,14.13,13.49,12.19,94.51,81.02,17852.38,22155.69
E08000014,Sefton,417,0.34,6.43,14.1,13.48,11.9,98.5,81.02,19554.52,22037.21
E08000015,Wirral,643,0.45,5.17,14.1,14.42,11.96,98.79,81.02,19210.21,22055.97
E08000016,Barnsley,1318,1.22,4.55,14.03,13.59,11.5,90.05,81.02,17027,21839
E08000017,Doncaster,1116,0.84,5.13,14.06,14.25,11.7,86.2,81.02,17063.48,21916.44
E08000018,Rotherham,872,0.77,3.73,14.07,13.66,11.78,89.34,81.02,17080.65,21952.88
E08000019,Sheffield,1783,0.77,11.25,14.05,13.86,11.63,98.24,81.02,16158.58,21903.95
E08000021,Newcastle upon Tyne,800,0.65,15.3,14.12,14.31,12.1,97.69,81.02,16741.1,22120.98
E08000022,North Tyneside,453,0.47,4.99,14.15,11.14,12.3,95.41,81.02,16753.21,22189.13
E08000023,South Tyneside,397,0.58,3.24,14.09,12.24,11.85,99.44,81.02,16720.96,22007.58
E08000024,Sunderland,920,0.75,5.98,14.16,13.4,12.33,99.26,81.02,16263.43,22225.31
E08000025,Birmingham,898,0.21,12.51,14.09,20.19,11.84,99.94,81.02,15664.4,22008.4
E08000026,Coventry,369,0.28,10.2,14.1,18.45,11.94,99.9,81.02,15311.16,22065.55
E08000027,Dudley,279,0.2,5.23,14.15,16.59,12.28,99.9,81.02,16988.92,22211.31
E08000028,Sandwell,238,0.18,6.13,14.17,20.04,12.39,100,81.02,14922.22,22263.43
E08000029,Solihull,345,0.39,8.23,14.08,11.18,11.81,90.25,81.02,23759.33,22000.33
E08000030,Walsall,347,0.31,6.83,14.14,18.34,12.15,98.79,81.02,15708.25,22157.42
E08000031,Wolverhampton,188,0.18,9.39,14.17,21.06,12.35,100,81.02,15884.77,22248.54
E08000032,Bradford,1128,0.54,7.62,14.05,16.19,11.63,92.47,81.02,15539.28,21901.74
E08000033,Calderdale,1791,1.98,7.22,14.06,14.39,11.74,81.14,81.02,17133.11,21942.58
E08000034,Kirklees,1514,0.85,5.94,14.02,13.8,11.43,88.49,81.02,17131.14,21815.95
E08000035,Leeds,2604,0.76,12.21,14.05,13.37,11.61,94.25,81.02,18701.84,21885.51
E08000036,Wakefield,971,0.63,5.49,14.04,12.26,11.56,82.52,81.02,17366.88,21868.63
E08000037,Gateshead,274,0.31,6.44,14.12,12.42,12.1,91.78,81.02,16739.44,22111.6
E09000002,Barking and Dagenham,74,0.1,13.26,14.12,14.62,12.02,100,81.02,23303.44,22107.89
E09000003,Barnet,388,0.26,15.42,14.09,11.65,11.92,100,81.02,30569.8,22032.6
E09000004,Bexley,171,0.18,9.15,14.13,9.72,12.14,99.86,81.02,24550.95,22153.98
E09000005,Brent,298,0.25,17.39,14.13,14.72,12.14,100,81.02,26184.33,22139.2
E09000006,Bromley,474,0.35,6.97,14.08,9.5,11.81,98.82,81.02,29740.33,22003.14
E09000007,Camden,230,0.25,29.15,14.09,11.48,11.87,100,81.02,43493.31,22031.56
E09000008,Croydon,471,0.31,11.07,14.11,12.84,12.03,100,81.02,24418.76,22083.22
E09000009,Ealing,502,0.38,14.36,14.12,12.98,12.08,100,81.02,28314.08,22123.09
E09000010,Enfield,891,0.74,12.86,14.09,13.58,11.9,99.56,81.02,23703.58,22021.06
E09000011,Greenwich,304,0.27,19.61,14.12,11.44,12.03,100,81.02,24500.89,22113.7
E09000012,Hackney,293,0.28,20.59,14.13,12.25,12.13,99.73,81.02,20288.85,22144.98
E09000013,Hammersmith and Fulham,189,0.23,16.24,14.11,11.46,12.04,100,81.02,75538.01,22094.44
E09000014,Haringey,392,0.37,12.14,14.12,15.31,12.03,100,81.02,32239.67,22102.04
E09000015,Harrow,269,0.3,9.74,14.11,12.61,12.05,99.69,81.02,24054.57,22092.52
E09000016,Havering,265,0.26,7.53,14.11,9.57,12.05,99.07,81.02,23179.66,22072.46
E09000017,Hillingdon,360,0.33,12.09,14.09,10.76,11.86,96.83,81.02,24184.2,22023.62
E09000018,Hounslow,234,0.23,19.22,14.13,11.83,12.14,100,81.02,41084.27,22147
E09000019,Islington,166,0.17,20.71,14.16,10.21,12.32,100,81.02,32550.36,22235
E09000020,Kensington and Chelsea,159,0.24,22.57,14.12,12.41,12.03,100,81.02,75666.98,22102.23
E09000021,Kingston upon Thames,294,0.45,10.88,14.08,10.41,11.78,99.8,81.02,26175.69,21991.11
E09000022,Lambeth,281,0.21,16.27,14.13,10.97,12.12,100,81.02,30124.77,22140.16
E09000023,Lewisham,331,0.27,14.95,14.13,12.77,12.16,100,81.02,27388.52,22155.69
E09000024,Merton,323,0.4,9.56,14.1,11.5,11.93,100,81.02,25992.87,22055.07
E09000025,Newham,107,0.09,22.55,14.18,17.74,12.41,100,81.02,20142.64,22284.28
E09000026,Redbridge,167,0.16,9.99,14.12,13.95,12.04,100,81.02,25046.93,22115.57
E09000027,Richmond upon Thames,358,0.44,7.77,14.1,9.8,11.91,100,81.02,39872.54,22037.79
E09000028,Southwark,353,0.27,28.62,14.12,10.08,12.1,100,81.02,27290.88,22122.32
E09000029,Sutton,231,0.28,14.19,14.13,9.68,12.19,100,81.02,25736.71,22144.68
E09000030,Tower Hamlets,128,0.11,42.6,14.14,9.22,12.27,100,81.02,26141.66,22180.18
E09000031,Waltham Forest,249,0.24,11.59,14.15,16,12.31,100,81.02,25258.33,22215.44
E09000032,Wandsworth,292,0.21,17.5,14.12,9.61,12.03,100,81.02,40510.59,22098.93
E09000033,Westminster,92,0.1,31.55,14.1,11.16,11.88,100,81.02,50289.7,22037.36
M06000001,Douglas,2,0.02,40,63.46,15.8,15.71,100,7.79,34142,34142
M06000002,Ramsey,1,0.03,48.26,63.46,15.79,15.71,0,7.79,34142,34142
M07000004,Onchan,2,0.05,46.65,63.46,15.79,15.71,0,7.79,34142,34142
M08000005,Bride,1,0.57,93.1,63.46,15.52,15.71,0,7.79,34142,34142
M08000006,German,1,0.22,78.65,63.46,15.73,15.71,0,7.79,34142,34142
M08000009,Lonan,2,0.3,71.81,63.46,15.73,15.71,0,7.79,34142,34142
M08000010,Malew,1,0.09,67.13,63.46,15.73,15.71,0,7.79,34142,34142
N09000001,Antrim and Newtownabbey,66,0.11,,,,,,,17455.45,21619
N09000002,"Armagh City, Banbridge and Craigavon",123,0.15,,,,,,,16984.83,21491.13
N09000003,Belfast,50,0.04,,,,,,,16726.27,21871.27
N09000004,Causeway Coast and Glens,86,0.15,,,,,,,17663.4,21451.8
N09000005,Derry City and Strabane,74,0.13,,,,,,,15362.35,21468.88
N09000006,Fermanagh and Omagh,91,0.2,,,,,,,16548,21471.83
N09000007,Lisburn and Castlereagh,61,0.1,,,,,,,19980.14,21493.29
N09000008,Mid and East Antrim,47,0.09,,,,,,,18518.58,21456.89
N09000009,Mid Ulster,166,0.29,,,,,,,16885.22,21441.04
N09000010,"Newry, Mourne and Down",255,0.38,,,,,,,16547.98,21457.98
N09000011,Ards and North Down,88,0.13,,,,,,,19144.31,21734.61
S12000005,Clackmannanshire,195,0.87,5.32,14.13,22.4,13.13,85.81,83.01,18443.74,22133.61
S12000006,Dumfries and Galloway,4867,6.89,18.59,14,18.7,11.77,54.57,83.01,18605.91,21756.15
S12000008,East Ayrshire,492,0.89,5.63,14.06,20.76,12.35,71.34,83.01,17528.16,21917.65
S12000010,East Lothian,802,1.86,9.55,14.05,18.62,12.3,73.15,83.01,20938.59,21902.56
S12000011,East Renfrewshire,194,0.51,8.39,14.11,12.54,12.92,96.15,83.01,19245.21,22075.85
S12000013,Na h-Eileanan Siar,3199,24.8,30.89,14.04,25.61,12.14,27.67,83.01,18575.96,21857.67
S12000014,Falkirk,599,0.86,7.16,14.06,18.02,12.42,92.4,83.01,18933,21935.8
S12000017,Highland,8705,7.43,19.53,14.02,21.41,11.91,52.64,83.01,19516.09,21795.37
S12000018,Inverclyde,111,0.31,11.24,14.12,24.94,13,97.95,83.01,19230.6,22097.58
S12000019,Midlothian,362,0.94,6.15,14.1,17.92,12.78,85.07,83.01,20710.75,22037.36
S12000020,Moray,1646,3.88,19.98,14.03,21.05,12.08,58.27,83.01,19179.31,21842.67
S12000021,North Ayrshire,742,1.19,5.26,14.05,21.06,12.31,89.87,83.01,17523.71,21905.85
S12000023,Orkney Islands,1487,15.99,100,14,19.03,11.72,35.79,83.01,18933.4,21742.2
S12000026,Scottish Borders,2434,4.73,23.99,14.04,21.03,12.14,54.13,83.01,20266.92,21858.36
S12000027,Shetland Islands,1164,11.09,100,14,19.39,11.79,32.5,83.01,21101.84,21761.07
S12000028,South Ayrshire,836,1.63,7.65,14.06,18.6,12.44,79.32,83.01,19621.03,21940.89
S12000029,South Lanarkshire,4056,2.76,11.32,14.01,16.23,11.87,89.36,83.01,19372.65,21782.99
S12000030,Stirling,1055,2.52,12,14.03,16.07,12.05,65.7,83.01,21383.49,21833.64
S12000033,Aberdeen City,334,0.31,12.69,14.08,21.04,12.61,98.69,83.01,22357.79,21990.01
S12000034,Aberdeenshire,3699,3.15,19.41,14.01,17.29,11.87,51.94,83.01,22126.16,21782.78
S12000035,Argyll and Bute,4326,10.58,20.66,14.01,20.2,11.86,51.3,83.01,22222.79,21781.63
S12000036,City of Edinburgh,1088,0.46,11.02,14.09,17.71,12.75,99.14,83.01,23114.61,22028.15
S12000038,Renfrewshire,284,0.36,8.24,14.08,18.6,12.64,95.88,83.01,19297.92,21997.48
S12000039,West Dunbartonshire,82,0.19,7.16,14.13,25.08,13.2,98.58,83.01,23418.33,22153.98
S12000040,West Lothian,710,0.94,5.84,14.07,15.68,12.54,91.04,83.01,18726.73,21970.52
S12000041,Angus,1086,2.03,20.71,14.03,16.99,12.08,74.43,83.01,17391.56,21841.01
S12000042,Dundee City,248,0.36,16.45,14.09,25.58,12.78,99.55,83.01,17106.89,22035.48
S12000045,East Dunbartonshire,295,0.62,5.72,14.1,17.36,12.83,94.32,83.01,23084.38,22049.97
S12000047,Fife,1557,0.94,6.65,14.02,24.4,13.81,82.02,83.01,18577.49,21794.68
S12000048,Perth and Kinross,2741,4.1,22.91,14.02,25,13.81,55.39,83.01,21393.78,21805.88
S12000049,Glasgow City,1566,0.54,16.41,14.11,24.91,13.81,99.72,83.01,16700.97,22068.99
S12000050,North Lanarkshire,1043,0.67,6.92,14.06,20.39,13.81,92.67,83.01,17717.59,21944.45
W06000001,Isle of Anglesey,2452,7.96,27.45,14.03,41.87,10.33,17.03,81.02,17697.93,21853.24
W06000002,Gwynedd,3223,6.31,33.51,14.03,22.22,10.33,11.88,81.02,16125.19,21850.26
W06000003,Conwy,1570,3.01,13.46,14.05,11.32,10.33,69.25,81.02,17591.6,21897.08
W06000004,Denbighshire,2125,5.01,20.79,14.04,11.9,10.33,50.62,81.02,17590.65,21870.8
W06000005,Flintshire,1982,2.96,15.15,14.03,9.09,10.33,67.61,81.02,18319.61,21841.23
W06000006,Wrexham,911,1.57,11.17,14.05,10.17,10.33,67.42,81.02,18252,21904.41
W06000008,Ceredigion,3312,10.72,32.23,14.02,21.21,10.33,20.7,81.02,17145.98,21812.54
W06000009,Pembrokeshire,3029,5.46,22.1,14.02,14.55,10.33,23.31,81.02,17145.6,21811.6
W06000010,Carmarthenshire,3313,4.05,24.66,14.02,13.58,10.33,48.26,81.02,17147.39,21816.09
W06000011,Swansea,875,0.83,7.72,14.03,10.28,10.33,88.13,81.02,16354.12,21853.24
W06000012,Neath Port Talbot,590,0.95,7.39,14.05,11.29,10.33,75.69,81.02,16910.22,21904.82
W06000013,Bridgend,328,0.53,3.8,14.09,8.33,10.33,76.82,81.02,16964.86,22006.92
W06000014,Vale of Glamorgan,464,0.81,9.81,14.06,9.09,10.33,81.8,81.02,17679.89,21930.57
W06000015,Cardiff,417,0.28,12.49,14.11,9.52,10.33,98.14,81.02,17677.29,22078.56
W06000016,Rhondda Cynon Taf,474,0.46,3.11,14.08,11.65,10.33,75.19,81.02,15718.21,21977.29
W06000018,Caerphilly,344,0.45,3.34,14.1,9.09,10.33,78.21,81.02,16488.78,22045.06
W06000019,Blaenau Gwent,142,0.47,3.04,14.15,9.68,10.33,86.72,81.02,16696.65,22204.12
W06000020,Torfaen,105,0.26,3.45,14.1,7.5,10.33,90.16,81.02,16511.42,22062.38
W06000021,Monmouthshire,1141,2.79,15.15,14.03,10.26,10.33,55.25,81.02,18280.2,21835.33
W06000022,Newport,259,0.39,7.4,14.1,9.52,10.33,87.79,81.02,18022.23,22036.55
W06000023,Powys,4565,7.58,41.49,14.02,16.67,10.33,14.61,81.02,18456.27,21804.88
W06000024,Merthyr Tydfil,90,0.35,3.58,14.09,12,10.33,86.77,81.02,15712.04,22026.67
